:020000040800F2
:100000000036002031510008754A00081D510008D3
:100010001D5100081D5100081D510008000000007E
:100020000000000000000000000000005552000821
:100030001D510008000000000D52000859840008FE
:1000400011540008115400081154000811540008FC
:1000500011540008115400081154000811540008EC
:1000600011540008115400081154000811540008DC
:1000700011540008115400081154000811540008CC
:1000800011540008115400081154000811540008BC
:1000900011540008115400081154000811540008AC
:1000A000115400081154000811540008115400089C
:1000B000115400081154000811540008115400088C
:1000C000115400081154000811540008115400087C
:1000D000115400081154000811540008115400086C
:1000E000115400081154000811540008115400085C
:1000F000115400081154000811540008115400084C
:10010000115400081154000811540008115400083B
:10011000115400081154000811540008115400082B
:10012000115400081154000811540008115400081B
:10013000115400081154000811540008115400080B
:1001400011540008115400081154000811540008FB
:1001500011540008115400081154000811540008EB
:1001600011540008115400081154000811540008DB
:1001700011540008115400081154000811540008CB
:1001800011540008115400081154000811540008BB
:1001900011540008115400081154000811540008AB
:1001A000115400081154000811540008115400089B
:1001B000115400081154000811540008115400088B
:1001C000115400081154000811540008115400087B
:0801D00011540008115400084D
:1001D800FFFFFFFFFFFFFFFFFFFFFFFFFFFFFFFF27
:1001E800FFFFFFFFFFFFFFFFFFFFFFFFFFFFFFFF17
:0801F800FFFFFFFFFFFFFFFF07
:1002000090F800F06DE9024520F007016FF0000C56
:1002100010F0070491F820F040F049804FF00004FE
:100220006FF00700D1E9002391F840F000F10800D9
:1002300082FA4CF2A4FA8CF283FA4CF3A2FA8CF311
:100240004BBBD1E9022382FA4CF200F10800A4FA78
:100250008CF283FA4CF3A2FA8CF3E3B9D1E90423CC
:1002600082FA4CF200F10800A4FA8CF283FA4CF303
:10027000A2FA8CF37BB9D1E9062301F1200182FABD
:100280004CF200F10800A4FA8CF283FA4CF3A2FAC3
:100290008CF3002BC6D0002A04BF04301A4612BAD1
:1002A000B2FA82F2FDE8024500EBD2007047D1E9D4
:1002B000002304F00305C4F100004FEAC50514F063
:1002C000040F91F840F00CFA05F562EA05021CBF34
:1002D00063EA050362464FF00004A9E7000000004E
:1002E00001F0FF01102A2BDB10F0070F08D010F8E7
:1002F000013B013A8B422DD010F0070F42B3F6D1EB
:10030000F0B441EA012141EA014122F007047FF003
:1003100000070023F0E80256083C85EA010586EA5A
:10032000010685FA47F5A3FA87F586FA47F6A5FA96
:1003300087F68EB9EED1F0BC01F0FF0102F00702A2
:1003400032B110F8013B013A83EA010313B1F8D14D
:100350000020704701387047002D06BF354603382E
:10036000073815F0010F07D1013015F4807F02BF67
:10037000013015F4C03F0130F0BC0138704700BFB8
:100380004FF0FF0C1CEAD0521EBF1CEAD15392EA78
:100390000C0F93EA0C0F6FD01A4480EA010C400254
:1003A00018BF5FEA41211ED04FF0006343EA5010AE
:1003B00043EA5111A0FB01310CF00040B1F5000FF0
:1003C0003EBF490041EAD3715B0040EA010062F19F
:1003D0007F02FD2A1DD8B3F1004F40EBC25008BF89
:1003E00020F00100704790F0000F0CF0004C08BFA7
:1003F00049024CEA502040EA51207F3AC2BFD2F174
:10040000FF0340EAC250704740F400004FF0000381
:10041000013A5DDC12F1190FDCBF00F000407047BB
:10042000C2F10002410021FA02F1C2F1200200FAF9
:1004300002FC5FEA310040F1000053EA4C0308BFC0
:1004400020EADC70704792F0000F00F0004C02BF11
:10045000400010F4000F013AF9D040EA0C0093F08C
:10046000000F01F0004C02BF490011F4000F013BE6
:10047000F9D041EA0C018FE70CEAD15392EA0C0F54
:1004800018BF93EA0C0F0AD030F0004C18BF31F0BF
:10049000004CD8D180EA010000F00040704790F095
:1004A000000F17BF90F0004F084691F0000F91F039
:1004B000004F14D092EA0C0F01D142020FD193EAFF
:1004C0000C0F03D14B0218BF084608D180EA010087
:1004D00000F0004040F0FE4040F40000704740F063
:1004E000FE4040F44000704781F0004102E000BF50
:1004F00083F0004330B54FEA41044FEA430594EAE4
:10050000050F08BF90EA020F1FBF54EA000C55EA1E
:10051000020C7FEA645C7FEA655C00F0E2804FEAEF
:100520005454D4EB5555B8BF6D420CDD2C4480EAD1
:10053000020281EA030382EA000083EA010180EA01
:10054000020281EA0303362D88BF30BD11F0004F4F
:100550004FEA01314FF4801C4CEA113102D0404285
:1005600061EB410113F0004F4FEA03334CEA1333C0
:1005700002D0524263EB430394EA050F00F0A780D8
:10058000A4F10104D5F1200E0DDB02FA0EFC22FAD3
:1005900005F2801841F1000103FA0EF2801843FAC7
:1005A00005F359410EE0A5F120050EF1200E012AB8
:1005B00003FA0EFC28BF4CF0020C43FA05F3C018F6
:1005C00051EBE37101F0004507D54FF0000EDCF16F
:1005D000000C7EEB00006EEB0101B1F5801F1BD318
:1005E000B1F5001F0CD349085FEA30004FEA3C0C1C
:1005F00004F101044FEA445212F5800F80F09A8012
:10060000BCF1004F08BF5FEA500C50F1000041EB15
:10061000045141EA050130BD5FEA4C0C404141EB19
:100620000101013C28BFB1F5801FE9D291F0000F14
:1006300004BF01460020B1FA81F308BF2033A3F1C3
:100640000B03B3F120020CDA0C3208DD02F1140CBA
:10065000C2F10C0201FA0CF021FA02F10CE002F1F5
:100660001402D8BFC2F1200C01FA02F120FA0CFCEE
:10067000DCBF41EA0C019040E41AA2BF01EB045137
:10068000294330BD6FEA04041F3C1CDA0C340EDC35
:1006900004F11404C4F1200220FA04F001FA02F378
:1006A00040EA030021FA04F345EA030130BDC4F136
:1006B0000C04C4F1200220FA02F001FA04F340EA2B
:1006C0000300294630BD21FA04F0294630BD94F0DC
:1006D000000F83F4801306BF81F480110134013DC3
:1006E0004EE77FEA645C18BF7FEA655C29D094EA34
:1006F000050F08BF90EA020F05D054EA000C04BFB2
:100700001946104630BD91EA030F1EBF002100209C
:1007100030BD5FEA545C05D14000494128BF41F03B
:10072000004130BD14F580043CBF01F5801130BD9F
:1007300001F0004545F0FE4141F470014FF000002A
:1007400030BD7FEA645C1ABF194610467FEA655CDB
:100750001CBF0B46024650EA013406BF52EA03357D
:1007600091EA030F41F4002130BD00BF90F0000F6B
:1007700004BF0021704730B54FF4806404F13204A7
:100780004FF000054FF0000150E700BF90F0000F60
:1007900004BF0021704730B54FF4806404F1320487
:1007A00010F0004548BF40424FF000013EE700BF57
:1007B00042004FEAE2014FEA31014FEA02701FBFE7
:1007C00012F07F4393F07F4F81F06051704732F019
:1007D0007F4208BF704793F07F4F04BF41F4002170
:1007E000704730B54FF4607401F0004521F00041CE
:1007F0001CE700BF50EA010208BF704730B54FF058
:1008000000050AE050EA010208BF704730B511F058
:10081000004502D5404261EB41014FF4806404F190
:1008200032045FEA915C3FF4D8AE4FF003025FEA16
:10083000DC0C18BF03325FEADC0C18BF033202EB9A
:10084000DC02C2F1200300FA03FC20FA02F001FAF4
:1008500003FE40EA0E0021FA02F11444BDE600BF97
:1008600070B54FF0FF0C4CF4E06C1CEA11541DBF46
:100870001CEA135594EA0C0F95EA0C0F00F0DEF811
:100880002C4481EA030621EA4C5123EA4C5350EAF6
:10089000013518BF52EA033541F4801143F4801347
:1008A00038D0A0FB02CE4FF00005E1FB02E506F0D8
:1008B0000042E0FB03E54FF00006E1FB03569CF02D
:1008C000000F18BF4EF0010EA4F1FF04B6F5007F33
:1008D00064F5407404D25FEA4E0E6D4146EB0606A5
:1008E00042EAC62141EA55514FEAC52040EA5E502E
:1008F0004FEACE2EB4F1FD0C88BFBCF5E06F1ED8D8
:10090000BEF1004F08BF5FEA500E50F1000041EB0E
:10091000045170BD06F0004646EA010140EA0200BB
:1009200081EA0301B4EB5C04C2BFD4EB0C0541EADD
:10093000045170BD41F480114FF0000E013C00F3F2
:10094000AB8014F1360FDEBF002001F0004170BD16
:10095000C4F10004203C35DA0C341BDC04F114042F
:10096000C4F1200500FA05F320FA04F001FA05F2BB
:1009700040EA020001F0004221F0004110EBD37088
:1009800021FA04F642EB06015EEA430E08BF20EAB4
:10099000D37070BDC4F10C04C4F1200500FA04F357
:1009A00020FA05F001FA04F240EA020001F00041E9
:1009B00010EBD37041F100015EEA430E08BF20EA5C
:1009C000D37070BDC4F1200500FA05F24EEA020EA4
:1009D00020FA04F301FA05F243EA020321FA04F0D3
:1009E00001F0004121FA04F220EA020000EBD3708A
:1009F0005EEA430E08BF20EAD37070BD94F0000F8A
:100A00000FD101F00046400041EB010111F4801FBD
:100A100008BF013CF7D041EA060195F0000F18BF6E
:100A2000704703F00046520043EB030313F4801FAA
:100A300008BF013DF7D043EA0603704794EA0C0F64
:100A40000CEA135518BF95EA0C0F0CD050EA41067A
:100A500018BF52EA4306D1D181EA030101F00041F7
:100A60004FF0000070BD50EA410606BF104619461F
:100A700052EA430619D094EA0C0F02D150EA01362B
:100A800013D195EA0C0F05D152EA03361CBF10466C
:100A900019460AD181EA030101F0004141F0FE410B
:100AA00041F470014FF0000070BD41F0FE4141F48F
:100AB000780170BD70B54FF0FF0C4CF4E06C1CEA8F
:100AC00011541DBF1CEA135594EA0C0F95EA0C0F44
:100AD00000F0A7F8A4EB050481EA030E52EA0335FF
:100AE0004FEA013100F088804FEA03334FF0805520
:100AF00045EA131343EA12634FEA022245EA11154D
:100B000045EA10654FEA00260EF000419D4208BFFD
:100B1000964244F1FD0404F5407402D25B084FEAAA
:100B20003202B61A65EB03055B084FEA32024FF456
:100B300080104FF4002CB6EB020E75EB030E22BFB3
:100B4000B61A754640EA0C005B084FEA3202B6EB73
:100B5000020E75EB030E22BFB61A754640EA5C0022
:100B60005B084FEA3202B6EB020E75EB030E22BFB2
:100B7000B61A754640EA9C005B084FEA3202B6EBB3
:100B8000020E75EB030E22BFB61A754640EADC0072
:100B900055EA060E18D04FEA051545EA16754FEAD4
:100BA00006164FEAC30343EA52734FEAC2025FEAF2
:100BB0001C1CC0D111F4801F0BD141EA00014FF081
:100BC00000004FF0004CB6E711F4801F04BF014352
:100BD0000020B4F1FD0C88BFBCF5E06F3FF6AFAE6E
:100BE000B5EB030C04BFB6EB020C5FEA500C50F1FE
:100BF000000041EB045170BD0EF0004E4EEA113181
:100C000014EB5C04C2BFD4EB0C0541EA045170BD87
:100C100041F480114FF0000E013C90E645EA060ECB
:100C20008DE60CEA135594EA0C0F08BF95EA0C0FF9
:100C30003FF43BAF94EA0C0F0AD150EA01347FF441
:100C400034AF95EA0C0F7FF425AF104619462CE718
:100C500095EA0C0F06D152EA03353FF4FDAE10467B
:100C6000194622E750EA410618BF52EA43067FF4CC
:100C7000C5AE50EA41047FF40DAF52EA43057FF45C
:100C8000EBAE12E780F0004002E000BF81F00041CF
:100C900042001FBF5FEA410392EA030F7FEA226C22
:100CA0007FEA236C6AD04FEA1262D2EB1363C1BFB2
:100CB000D218414048404140B8BF5B42192B88BF21
:100CC000704710F0004F40F4000020F07F4018BF44
:100CD000404211F0004F41F4000121F07F4118BF64
:100CE000494292EA030F3FD0A2F1010241FA03FC0C
:100CF00010EB0C00C3F1200301FA03F100F00043F4
:100D000002D5494260EB4000B0F5000F13D3B0F1BB
:100D1000807F06D340084FEA310102F10102FE2A2A
:100D200051D2B1F1004F40EBC25008BF20F001009A
:100D300040EA03007047490040EB0000013A28BF39
:100D4000B0F5000FEDD2B0FA80FCACF1080CB2EBBC
:100D50000C0200FA0CF0AABF00EBC250524218433A
:100D6000BCBFD0401843704792F0000F81F40001DF
:100D700006BF80F400000132013BB5E74FEA4103B2
:100D80007FEA226C18BF7FEA236C21D092EA030F1E
:100D900004D092F0000F08BF0846704790EA010F98
:100DA0001CBF0020704712F07F4F04D1400028BFC5
:100DB00040F00040704712F100723CBF00F50000A7
:100DC000704700F0004343F0FE4040F400007047DD
:100DD0007FEA226216BF08467FEA23630146420289
:100DE00006BF5FEA412390EA010F40F4800070479C
:100DF0004FF0000304E000BF10F0004348BF404242
:100E00005FEA000C08BF704743F0964301464FF07D
:100E100000001CE050EA010208BF70474FF00003D9
:100E20000AE000BF50EA010208BF704711F000431A
:100E300002D5404261EB41015FEA010C02BF8446EA
:100E40000146002043F0B64308BFA3F18053A3F549
:100E50000003BCFA8CF2083AA3EBC25310DB01FA90
:100E600002FC634400FA02FCC2F12002BCF1004F14
:100E700020FA02F243EB020008BF20F001007047A5
:100E800002F1200201FA02FCC2F1200250EA4C00F9
:100E900021FA02F243EB020008BF20EADC7070473F
:100EA0004FEA4002B2F1FE4F0FD34FF09E03B3EB77
:100EB00012620DD94FEA002343F0004310F0004FB7
:100EC00023FA02F018BF404270474FF0000070470D
:100ED00012F1610F01D1420205D110F0004008BFAC
:100EE0006FF0004070474FF00000704753B94AB9A7
:100EF000002908BF00281CBF4FF0FF314FF0FF3022
:100F000000F00CB8ADF1080C6DE904CE00F068F902
:100F1000DDF804E0DDE9022304B07047704700BF4C
:100F20004FF0FF3C06E000BF4FF0010C02E000BFB5
:100F30004FF0010C4DF804CD4FEA410C7FEA6C5C98
:100F40004FEA430C18BF7FEA6C5C1BD001B050EA3B
:100F5000410C0CBF52EA430C91EA030F02BF90EA26
:100F6000020F0020704710F1000F91EA030F58BFE5
:100F7000994208BF90422CBFD8176FEAE37040F047
:100F8000010070474FEA410C7FEA6C5C02D150EAE5
:100F9000013C07D14FEA430C7FEA6C5CD6D152EAA0
:100FA000033CD3D05DF8040B704700BF8446104665
:100FB00062468C461946634600E000BF01B5FFF764
:100FC000B7FF002848BF10F1000F01BD4DF808ED34
:100FD000FFF7F4FF0CBF012000205DF808FB00BF05
:100FE0004DF808EDFFF7EAFF34BF012000205DF85F
:100FF00008FB00BF4DF808EDFFF7E0FF94BF0120AC
:1010000000205DF808FB00BF4DF808EDFFF7CEFFAC
:1010100094BF012000205DF808FB00BF4DF808EDEB
:10102000FFF7C4FF34BF012000205DF808FB00BFBC
:10103000844641EA000313F003036DD1403A41D3E3
:1010400051F8043B40F8043B51F8043B40F8043BA2
:1010500051F8043B40F8043B51F8043B40F8043B92
:1010600051F8043B40F8043B51F8043B40F8043B82
:1010700051F8043B40F8043B51F8043B40F8043B72
:1010800051F8043B40F8043B51F8043B40F8043B62
:1010900051F8043B40F8043B51F8043B40F8043B52
:1010A00051F8043B40F8043B51F8043B40F8043B42
:1010B00051F8043B40F8043B51F8043B40F8043B32
:1010C000403ABDD2303211D351F8043B40F8043BD2
:1010D00051F8043B40F8043B51F8043B40F8043B12
:1010E00051F8043B40F8043B103AEDD20C3205D3E2
:1010F00051F8043B40F8043B043AF9D2043208D0DA
:10110000D2071CBF11F8013B00F8013B01D30B884B
:1011100003806046704700BF082A13D38B078DD029
:1011200010F003038AD0C3F10403D21ADB071CBFFB
:1011300011F8013B00F8013B80D331F8023B20F865
:10114000023B7BE7043AD9D3013A11F8013B00F89E
:10115000013BF9D20B7803704B7843708B78837026
:10116000604670474FEA410C7FEA6C5C02D150EA5E
:10117000013C0AD14FEA430C7FEA6C5C02D152EA8F
:10118000033C02D14FF0000070474FF00100704760
:101190004FEA410212F5001215D211D56FF478739F
:1011A000B3EB625212D94FEAC12343F0004343EA42
:1011B000505311F0004F23FA02F018BF404270471D
:1011C0004FF00000704750EA013005D111F00040A7
:1011D00008BF6FF0004070474FF00000704700BF3D
:1011E0002DE9F04786468C460846089E154674460B
:1011F0001946002B40F0C2808542B2FA82F245D9EE
:101200004AB1C2F1200300FA02FC2EFA03F3954022
:1012100043EA0C0C94404FEA154EA8B2BCFBFEF812
:10122000230C0EFB18CC08FB00F943EA0C4399454C
:1012300028D9EB1808F1FF3704D2994502D9A8F153
:1012400002072B44A3EB0903A4B2B3FBFEFC0EFB85
:101250001C330CFB00F044EA0344A04214D92C19BF
:101260000CF1FF3304D2A04202D9ACF102032C44AA
:10127000241A43EA07401EB1D4400023346073604F
:10128000BDE8F0874746DDE76346F1E792BB431BC5
:1012900001214FEA154EAFB2B3FBFEFC200C0EFB52
:1012A0001C330CFB07F840EA0343984562D9EB185E
:1012B0000CF1FF3004D2984502D9ACF102002B4466
:1012C000A3EB0803A4B2B3FBFEFC0EFB1C330CFB28
:1012D00007F744EA0344A7424ED92C190CF1FF3317
:1012E00004D2A74202D9ACF102032C44E41B43EA26
:1012F0000040C0E7C2F1200320FA03F1954090407E
:101300002EFA03F303434FEA154EAFB2B1FBFEFCD6
:101310000EFB1C10190C0CFB07F841EA0041884534
:1013200004FA02F422D969180CF1FF3004D288457E
:1013300002D9ACF102002944A1EB08019BB2B1FB38
:10134000FEFC0EFB1C110CFB07F743EA01439F4216
:101350000ED9EB180CF1FF3104D29F4202D9ACF147
:1013600002012B44DB1B41EA004192E76046E3E7C0
:101370006146F7E76046A3E76346B7E7834206D9CD
:1013800016B9002108467BE7C6E900E0F9E7B3FAA1
:1013900083F78FB9834201D3724508D8BEEB0204AC
:1013A00060EB030301209C461EB9002168E7384624
:1013B000FAE7C6E9004CF8E7C7F1200CBB4022FA77
:1013C0000CF41C432EFA0CF120FA0CF3B840014344
:1013D0004FEA14490EFA07F5B3FBF9F81FFA84FE39
:1013E00009FB18300B0C08FB0EFA43EA00439A4540
:1013F00002FA07F240D9E31808F1FF3004D29A4507
:1014000002D9A8F102002344A3EB0A0389B2B3FB7B
:10141000F9F809FB183308FB0EFE41EA03418E453B
:101420002CD9611808F1FF3304D28E4502D9A8F1F6
:101430000203214443EA0040A0FB0298A1EB0E0105
:101440004145CE46434602D306D14D4504D2B9EBC1
:10145000020E68EB04030138002EA6D0B5EB0E0295
:1014600061EB030101FA0CFC22FA07F34CEA0303D7
:10147000F940C6E9003198E74046C5E74346D9E759
:101480002DE9F04F016C9FB016461F46CDE9046769
:101490002B9D039049B1426C4A600123934004465E
:1014A0008B600CF0B7FB00232364B7F10009B4BFD5
:1014B000012300232B60764BBCBF29F00049CDF8F7
:1014C000149033EA090300F0AA80DDE90434002215
:1014D000184621460023CDE90801FFF777FD804635
:1014E00068B12A9A012313602C9B13B12C9A694B83
:1014F0001360694B0A930A981FB0BDE8F08F1CABCC
:1015000001931DAB00930398DDE908230CF0B6FEB0
:101510005FEA1955824640F09880DDE91C85454414
:1015200005F23243202B40F38383C3F1400309FAD1
:1015300003F905F2124326FA03F349EA0300FFF721
:1015400015F90123013DA1F1F8711193534B0022CC
:10155000FEF7CEFF48A3D3E90023FFF781F948A3A4
:10156000D3E90023FEF7C6FF064628460F46FFF7DD
:101570000DF945A3D3E90023FFF772F902460B46A4
:1015800030463946FEF7B6FF06460F46FFF700FE27
:1015900000228346002330463946FFF721FD00280C
:1015A00040F01A83A8EB0508BBF1160F08F1FF34D1
:1015B00000F28B813A4D05EBCB05D5E90023DDE93F
:1015C0000801FFF70DFD002870D00023002C0BF15F
:1015D000FF3B1093C0F27E8100230B93BBF1000F01
:1015E0006ADA0B9BA3EB0B030B93CBF10003CDE962
:1015F0000EB3289B092B4FF0000B65D8052B40F349
:101600001C83043B28930025289B023B032B00F2FC
:101610002386DFE813F060045D04540438042A9A3A
:10162000C9F3130942F20F7359EA060913601CD17A
:101630002C9B002B00F02B861A4B0A9308332C9A14
:101640000A9813601FB0BDE8F08FDDE90812C2F3FD
:101650001303084643F07F51CDF84480A5F2FF35CF
:10166000DDF8708041F4401170E72C9B002B40F0B6
:10167000E7830D4B0A933EE761436F63A787D23F31
:10168000B3C8608B288AC63FFB799F501344D33F71
:101690000000F07F05280108042801080000F83F39
:1016A000C02001082828010834280108B8F1000FDB
:1016B00040F3608410900B9000230F93289BCDF88B
:1016C00038B0092B5C4499D90023CDE92833012592
:1016D0004FF0FF330C950693039B00215964069B42
:1016E000189303980CF070FA0A90002800F0BD855A
:1016F000039B0A9A1A64069B0E2B00F21581002D9B
:1017000000F012810E9A002A40F33B84B24D02F0A1
:101710000F0305EBC303D3E9008913461511DA055E
:1017200040F1FA83AD4BDDE90801D3E90823FFF767
:10173000C1F9CDE9120105F00F0503277DB1A74ED0
:10174000EB0708D540464946D6E90023FFF788F85D
:101750000137804689466D1006F10806F0D14246F1
:101760004B46DDE91201FFF7A5F980468946109B3B
:1017700043B19B4B002240464946FFF731FC00280D
:1017800040F0F1843846FFF701F842464B46FFF738
:1017900067F8944B0022FEF7ADFE069B0646A1F1CA
:1017A0005077002B00F0A9800E9B1993069B129393
:1017B0000A9B894D49464046CDE914675E1CFFF7F8
:1017C000E7FC129905EBC10353E902120746CDE984
:1017D0001612FEF7DBFF02460B4640464946FEF76F
:1017E00087FE89460C993037DDE916238046FFB223
:1017F000002900F053847C490020FFF75BF9DDE904
:101800001423FEF775FE0A9D02460B46CDE914230C
:101810002F7042464B46FFF701FC002840F09784AA
:10182000CDE91AB4CDF858A0129DDDE914AB00271C
:101830002AE00137AF4280F2DE846C4B50465946B5
:101840000022FFF70DF8694B002282468B46404686
:101850004946FFF705F889468046FFF799FC04469C
:10186000FEF794FF02460B4640464946FEF740FE0F
:10187000303406F8014B52465B4680468946FFF7F6
:10188000AFFB002840F0B48442464B465449002048
:10189000FEF72EFE52465B46FFF7A2FB0028C8D09B
:1018A000199BDDF858A00A9A374603F1010802E0B7
:1018B000974200F07C843E4617F8013D392BF7D063
:1018C0000133DBB23B70454675E10123002C1093D8
:1018D000BFF682AEC8F101030B9300247EE63846C2
:1018E000FEF754FF42464B46FEF7BAFF3D4B00223F
:1018F000FEF700FE0646A1F150773D4B40464946B3
:101900000022FEF7F5FD32463B4680468946FFF74A
:1019100085FB002840F05A8440464946324607F18C
:101920000043FFF75DFB28BB1D9B002BC0F292809C
:101930000E9A0E2A00F38E80274D0E9B05EBC305F1
:10194000D5E90034CDE90434299B002B19DA069B34
:10195000002B16DC0ED1264B0022DDE90401FEF738
:101960007FFF02460B46DDE90801FFF743FB002835
:1019700000F02C844FF000090A9E4F46299BDD435E
:1019800025E2DDE90445DDE9088922462B4640468B
:101990004946FFF78FF8FFF7FBFB0646FEF7F6FE1A
:1019A00022462B46FEF75CFF0A9F0B46024649463D
:1019B0004046FEF79DFD06F1300307F8013B069B0C
:1019C000012B00F012830125CDF818A09946DDE91E
:1019D00004ABA8462CE000BFC020010898200108F5
:1019E0000000F03F00001C400000E03F00002440E9
:1019F0000000144052465B4620462946FFF75AF83D
:101A0000FFF7C6FB0646FEF7C1FE52465B46FEF7F1
:101A100027FF08F101080B46024629462046FEF73B
:101A200067FD06F13003C84507F8013B00F0DB8293
:101A3000B94B0022FEF714FF0022002304460D4696
:101A4000FFF7C4FA0028D5D00E9DDDF818A00135A7
:101A50003E46B0E00C9A002A40F0D28000230F9D51
:101A60000B9E0C931F4656B1002C08DDA6420B9A24
:101A70003346A8BF2346D21A0B92F61AE41A0F9BDC
:101A800053B10C9B13B1002D40F0E88251460F9AE0
:101A900003980CF04FFA8246039801210CF066F986
:101AA0008146BBF1000F40F0B681289B012B40F32B
:101AB000CC810120204410F01F0000F09A80C0F17A
:101AC0002003042B40F3DA810B9BC0F11C0003447C
:101AD0000B93064404440B9B002B05DD51460398F1
:101AE0001A460CF081FA8246002C05DD494603981F
:101AF00022460CF079FA8146109B002B40F0708151
:101B0000069B002B40F348810C9B002B40F0A480E7
:101B10000E9D0135DDF82880069CDDF80CB001260D
:101B200007E0514600230A2258460CF07DF80136A2
:101B30008246494650460BF061FEA64200F1300352
:101B400008F8013BEDDB069A002AC8BF16460A9A40
:101B5000D8BF012602EB060B002451460122039850
:101B600004930CF041FA494682460CF0B5FA00287D
:101B700040F3E3810A9A02E05A4500F0E9815E46AB
:101B80000BF1FF3B16F8013C392BF5D001338BF8F4
:101B90000030DDF80C80494640460CF03BF857B168
:101BA0002CB1BC4203D0214640460CF033F80398D8
:101BB00039460CF02FF8039851460CF02BF800230F
:101BC00033702A9B1D602C9B002B3FF494AC0A9829
:101BD0001E601FB0BDE8F08F5846FEF7D7FD3246B5
:101BE0003B46FFF7F3F900287FF4DCAC0BF1FF3B39
:101BF000D8E41C230B9A1A440B921E441C446AE737
:101C0000289A012A40F3A981069A0F9B551EAB42E0
:101C1000C0F26B81002AA3EB050580F2DD820B9BED
:101C2000069A9E1A039801210CF0A0F807461AE7BD
:101C3000C3F1200306FA03F081E40125E4E4394608
:101C4000002303980A220BF0EFFF189B002B074696
:101C500040F3EF820E950693002E00F33F81BBF117
:101C6000000F40F0DF81B8460A9E069C731E1C449C
:101C7000049B0C9403F00103039C0F9349465046C8
:101C80000BF0BCFD3946834650460CF025FA42461F
:101C90004946054620460CF03FFAC26801460BF162
:101CA0003003002A3AD1089050460B930CF014FAF6
:101CB0000899069020460BF0ADFF069A0B9B002A70
:101CC0005AD1289A1AB90F9A002A00F09A82002D48
:101CD00045DB0C9AB346B2420BF8013B00F0B981E8
:101CE000514600230A2220460BF09EFF47458246BC
:101CF00039464FF000034FF00A02204636D00BF071
:101D000093FF4146074600230A2220460BF08CFF32
:101D10005E468046B2E700BF000024400398069369
:101D20000BF078FF002D069B06DB049A289902F041
:101D300001020D432A432AD15146012203980493FC
:101D40000CF052F9494682460CF0C6F90028049B73
:101D500040F3E880392B00F02F820BF131030E9D08
:101D600006F8013B3C460135474612E70BF05CFFA5
:101D70005E460746804681E7002DC0F27D822899A5
:101D80000D430F990D4300F07782002AA1DD392B16
:101D900000F012820133E2E7289B022B7FF7B4AEFA
:101DA000069B002B40F01D814946052203980BF04D
:101DB0003BFF0146814650460CF08EF9002840F367
:101DC00010810A9E0E9D312306F8013B01350398D0
:101DD000494601350BF01EFF002F7FF4E8AEEAE61E
:101DE000494650460CF078F90028BFF689AE5146B6
:101DF000002303980A220BF017FF0E9B5D1E0C9B1D
:101E00008246002B7FF41BAF189B002B40F3FF8111
:101E10000E9D06937EE601465A4603980CF08AF81A
:101E2000289B012B81466CDD4FF0000BD9F8103058
:101E300009EB830318690BF047FFC0F1200039E676
:101E4000924B0A930333FFF7FABB049B002B7FF4FA
:101E500030AEDDE90412C2F31303002B7FF429AE88
:101E60008B4B134023B10B9B01330B9301340123A4
:101E7000BBF1000F40F0AE819B461AE63FF42BAE5B
:101E8000C0F13C03B6E601230C93299B0E9A134440
:101E900018930133012B1E460693B8BF0126172E57
:101EA00040F3D581012204235B0003F11400B0420A
:101EB000114602F10102F7D9039B596411E4012391
:101EC0000C93299B002B33DD189306931E46E6E7FF
:101ED00000230C93D9E700230C93F2E739460398CB
:101EE00032460CF081F80746B9E60F9B069A0F952B
:101EF000EB1A9B440B9B1E46134414440B93002582
:101F000090E6049B002B8FD1DDE90401C1F313039C
:101F10000A46002B88D1A3E7DDE908230227CDE993
:101F200012230BE47FF41BAFDA077FF518AF11E73C
:101F3000012329930693FFF7CFBB03D1049BDB0753
:101F40003FF518AE5E461BF8013D302BFAD020E677
:101F50000A9A3123013513701BE6119A002A00F00A
:101F6000F98003F233430B9A0F9D16461A441C4422
:101F70000B9257E6C8F1010304460B931090FFF74C
:101F80009BBB00F0EB800E9B424D5E4206F00F03C0
:101F900005EBC303D3E90023DDE90801FEF760FC8C
:101FA0003511CDE9120100F04D813B4E002302278F
:101FB00080468946E80709D5D6E9002340464946C8
:101FC000FEF74EFC01378046894601236D1006F16D
:101FD0000806EFD1002B7FF4CAABDDE91289FFF7C9
:101FE000C6BB0A9ECAE4DDF818A00E9D02460B4649
:101FF000FEF780FA02460B46CDE906230135DDE9FE
:102000000423A846FFF70AF840B9DDE90423DDE917
:102010000601FEF7DBFF18B1F10701D50A9A4AE481
:102020003E46C8E5796803980BF0CEFD05460028CA
:1020300000F026813B6902339A0007F10C010C3055
:10204000FEF7F6FF0398294601220BF0CDFF8046EC
:102050000AE60E9D3C46013547467EE5DDF80C80DC
:1020600039462A4640460BF065FF52460146074670
:1020700040460BF0A9FE5146824640460BF0CAFD91
:102080000F9B5B1B0F933FF407ADFFE4342801085F
:102090000000F07FC020010898200108DDE914014C
:1020A000FEF7DEFB0A9B1F70129B012BCDE90C0192
:1020B00000F0C680129F0A9BCDF844B01F447C4BB1
:1020C000002240464946FEF7CBFB89468046FFF793
:1020D0005FF88346FEF75AFB0BF1300B02460B46C6
:1020E00040464946FEF704FA06F801BBB74280466F
:1020F0008946E4D1DDF844B06E4B0022DDE90C01E5
:10210000FEF7F8F902460B4640464946FEF786FFC1
:10211000002867D1DDE90C2366490020FEF7E8F9C5
:1021200002460B4640464946FEF75AFF48B91D9BFA
:10213000002BFFF693AC0E9B0E2B3FF78FACFFF7F7
:10214000FCBB3E46013F16F8013C302BF9D0199DEF
:10215000013530E51C9BC3F1360304E7DDE908894E
:102160000227FFF704BB069B002B3FF4B8AB189B7C
:10217000002B7FF7D9AB0E9A1293013A4C4B199270
:10218000404600224946FEF76BFB80468946781C94
:10219000FEF7FCFA42464B46FEF762FB464B002236
:1021A000FEF7A8F90646A1F15077FFF701BB08F149
:1021B00001083123FFF786BB0E9D0A9AB3463923E7
:1021C0003C460BF8013B01354746D8E44FF0000987
:1021D0004F46F6E59B4629E60B9B1E4613441444E6
:1021E0000B931FE5199B0A9A03F10108FFF763BBE4
:1021F000DDF858A0ABE7DDE91AB4DDF858A0FFF729
:1022000093BB392BD8D0002D3FF7A7ADA7E5289B6E
:10221000022B0ADC189B069349460E9D0BF0EEFA42
:102220000A9A00F1300313708DE4189B06930E9503
:10223000B6E5289B022BF8DC189B0E9506930BE560
:10224000374659E7DDE912890227FFF790BA039B69
:1022500000215964FFF745BA039B00255D642946B8
:1022600018460BF0B1FC0A90A8B9144B1448002290
:102270004FF4D5710CF01CF9002A7FF770AD5BE5C7
:102280000E4B0F482A4640F2EA210CF011F90D4B93
:102290000A93FFF730B9039B0A9A1A644FF0FF3391
:1022A0000122299518930C920693FFF73DBB00BFBE
:1022B000000024400000E03F00001C4038280108D6
:1022C0004C28010828280108014807F0FBB900BF85
:1022D000880E002008B5054C206800F057FB00214F
:1022E00042F2107008F0BAFAF6E700BF080F0020BB
:1022F00008B5054C20680DF091FF002142F21070E6
:1023000008F0ACFAF6E700BF0C0F00202DE9F04F03
:1023100089B00024654B664D66490293032223462B
:102320002046CDE900440DF0F4FE284600F00CF9FB
:10233000034660B9604A5F490090CDE9010201227D
:102340000DF0E7FE4FF0FF3009B0BDE8F08F5B4FB6
:102350005B4EE968DFF86C91DFF86C81DFF86CA107
:10236000DFF86CB1384600F09DFC3760594F2946C4
:10237000384600F083FAC9F80070574F29463846AE
:1023800000F0EAFAC8F80070544F2946384600F0C9
:1023900087FB534A5349544BCAF80020C2E900173F
:1023A000524A31681A605248524BCBF80070C2E969
:1023B0000001C2E90244D9F80010D8F800204E4FBD
:1023C00018460DF011FF4B4B3B604C4B32681846E2
:1023D00029460DF0EBFE4A4A484B3068136000F086
:1023E00021FC40B9474B02930023CDE9003331492A
:1023F00001221846A4E7D9F8000000F0E3F900280C
:10240000F0D0D8F8000000F041FA0028EAD0DBF85C
:1024100000000DF080FF0028E4D0DAF800103868E2
:102420000DF0EFFE304B386819680DF0EAFE3649C2
:10243000364807F0B7F8364A306823464FF48071C3
:1024400000F092FB002600270525CDE90667CDE9BF
:102450000245CDE900442F4B2F4904944FF400620C
:102460002E4807F089FA2E492C4807F09FF92D4B8A
:102470002D490094CDE90667CDE90354CDE9014427
:102480004FF48062294807F077FA2949274807F076
:102490008DF9284B07490094CDE901432046234696
:1024A00003220DF036FE20464EE700BF90290108BA
:1024B000280F002044200108A4290108000F002053
:1024C000240F0020200F00201C0F0020140F0020DC
:1024D000180F0020F40E0020E80E0020DC0E002073
:1024E000D40E002090210108100F0020C40E0020FF
:1024F000D8210108A80E00200C0F0020980E002003
:10250000080F0020C729010839250008880E00207F
:10251000C9220008F1220008C01700207809002015
:10252000E8290108D522000880130020B8080020FF
:10253000F6290108072A0108024B186808B100F0C3
:1025400001BB7047180F00204A4A4B494B4BF0B56E
:1025500042604B4A82604B4AC260036000F1140241
:10256000044603C985B082E8030018460FF036F927
:1025700068B9454B02930023CDE90033434901225A
:1025800018460DF0D5FD0025284605B0F0BD606861
:102590000FF024F90028ECD0A0680FF01FF90028F4
:1025A000E7D0E0680FF01AF90028E2D060690FF078
:1025B00015F905460028DCD06069217E638B03F0A5
:1025C0003002302AD0E9016ED0F810C00ED1304967
:1025D000304A314840F2D3330EF002F82F480DF064
:1025E000FFFF40F2D3312B480DF0F1FF03F006025C
:1025F000042A09D12A49274A274840F2DA330DF044
:10260000EFFF40F2DA31EEE736680127DA0707FA22
:1026100001F754BF43F4B01383F4D013374223F4CB
:1026200080120CD11F491B4A1B4840F2ED330DF0BC
:10263000D7FF1D480DF0D4FF40F2ED31D3E7DCF8B1
:102640000060DB074CBF3E43BE43CCF80060DEF8C1
:102650000030984758B1154B029300230390CDE901
:1026600000330A49012218460DF062FD8BE7012371
:10267000237789E7F01B010878200108041C010872
:10268000181C01082C1C01082C2A01082C20010808
:102690008B2A01085A2A0108C42A0108E12A0108E4
:1026A0001E2B0108512B01088F2B0108A12B0108BB
:1026B00010B50346007F0A4620B35869197E0469A5
:1026C000012303FA01F143681B6819420ED10F4937
:1026D0000F4A10484FF4CB630DF082FF0E480DF007
:1026E0007FFF0B484FF4CB610DF071FF2368194257
:1026F00018BF82F0010232B18368DB689847B0FAF4
:1027000080F0400910BD83681B69F7E7512B010871
:102710005A2A0108C42A01088F2B0108F0B5057A4E
:102720008DB00E4665B3234A118892788DF8162035
:102730004268ADF81410106805ABA8228DF813207C
:1027400009930DF1130203230692002401220A9338
:10275000072307928DF820408DF82C3083680222E1
:102760009F6806A95C23B84770B1134B0390CDE96D
:102770000143124900942346022220460DF0F0FC4A
:10278000002528460DB0F0BD9DF815309DF81620A7
:102790009DF814001B0243EA02431843FEF72CFB8A
:1027A0004FF06651FDF7ECFD0549FDF7E9FD30609E
:1027B000E7E700BF90200108DB2B01081C2001087F
:1027C0000000C842F0B58FB04268002301240646DD
:1027D0008DF81A3010688DF828300F220DF11A0389
:1027E000CDE90B348DF81B2007230DF11B02089255
:1027F00009948DF83430836802229D6808A95C230F
:10280000A8479DF81A30054608B9B12B0ED0CDE97E
:102810000353174B02930023CDE9003315490122DE
:1028200018460DF09DFC00200FB0F0BD73681868CD
:1028300041F21003ADF81C3007AB08930223099353
:102840008DF82830836822469F6808A95C23B84722
:1028500058B1094B0390CDE90153064900952B4629
:10286000224628460DF07CFCDDE734722046DBE78B
:10287000F32B01081C200108222C0108024AC0E9A0
:102880000021002202727047A82101081FB5436889
:10289000044658680EF0A2FF0346207238B9054A74
:1028A00005490090CDE9010201220DF070FC207A6B
:1028B00004B010BD582C0108CC1F01082DE9F041CF
:1028C000057A8CB00E463DB3436858680DF113038A
:1028D00006930123079305AB0024099302270723DE
:1028E000ADF814408DF813408DF820400A978DF80C
:1028F0002C3083683A46D3F8088006A94023C047A5
:1029000078B1104B0390CDE901430F490094234661
:102910003A4620460DF03BFC002528460CB0BDE8A9
:10292000F081BDF8140040BA80B2FEF761FA0749A1
:10293000FDF726FD0649FDF723FD0649FDF720FDBD
:102940003060EAE7762C0108CC1F01086F12833A49
:102950004DE34D3A00606A47024AC0E90021002277
:1029600002727047C02101087FB50BAB059303933A
:10297000054B02930023CDE900330322184601F0F2
:1029800097FD07B05DF804FB9A2C010810B5017B98
:10299000044681F001018AB001730068FFF788FEE8
:1029A000A368069301221344A36006A908A807920E
:1029B0000DF026FD6068036808AADC684FF400711A
:1029C0000823A0479DF81C300493069B0393064BF5
:1029D00002930023CDE90033044903221846FFF790
:1029E000C3FF0AB010BD00BF9A2C010834200108B3
:1029F00030B58DB0C3680993044601330D46089184
:102A0000C36008A90AA80DF0F6FC606803680AAA6A
:102A1000DC6840F201310823A047099B0693284651
:102A2000FDF7C6FE064B02930023CDE90401CDE974
:102A300000330449032218460DF0C6FB0DB030BD2B
:102A4000BF2C01083C20010830B58DB08368099384
:102A5000044601330D460891836008A90AA80DF0C9
:102A6000C5FC606803680AAADC684FF4407108235B
:102A7000A047099B06932846FDF79AFE064B029352
:102A80000023CDE90401CDE90033044903221846AF
:102A90000DF09AFB0DB030BDE22C01083C2001087E
:102AA000024AC0E90021002202727047F0210108A9
:102AB00070B5037A86B004460E46A3B100250D22F8
:102AC000294602A8019509F095F83046FEF7E8F985
:102AD000064A0346112101A809F0FCF801AA29467B
:102AE00020460DF05AFC06B070BD00BF1B2D01083A
:102AF00030B5037A87B004460D469BB100210D2204
:102B000002A8019109F076F82846FEF7C9F9064AAD
:102B10000346112101A809F0DDF801AA0121204690
:102B20000DF03BFC07B030BD2B2D0108014A0121FF
:102B30000DF033BC382D0108014A01210DF02DBCE8
:102B4000482D010810B5064A044600210DF025FC69
:102B50002046044ABDE8104001210DF01EBC00BF14
:102B6000582D0108692D010830B540680D4689B01F
:102B700011461A46B0B1A9B140F2FF730693002482
:102B800005AB0794059503F041F900280DDA084BD1
:102B90000390CDE9014307490094234601222046D2
:102BA0000DF015FC002009B030BD0120FBE700BF8F
:102BB000862D010824200108F0B5476897B00E461D
:102BC00015461C462FB322B3082B22D844220021DD
:102BD00005A809F00FF82246294606A804968DF8A4
:102BE0001440FEF725FA0024CDE900444FF47A7230
:102BF000002304A9384603F0A3F868B1074B0390FB
:102C0000CDE90143064900942346022220460DF0F7
:102C1000DEFB002017B0F0BD0120FBE7A32D01086B
:102C2000242001087FB50646406868B9194B029315
:102C30000023CDE900331849012218460DF0C7FBE7
:102C40000025284604B070BD0EF0C8FD05460028DA
:102C5000ECD0706883680421DB689847044658B15B
:102C60000E4B02930023CDE9003303900A49012261
:102C700018460DF0ACFBE3E7706883685B68984723
:102C80000028DED0064B0390CDE901430094234693
:102C9000ECE700BFB72D010824200108CC2D010866
:102CA000E42D0108014AC0E90021704718220108FB
:102CB000B2F5802F2DE9F0410ED33C493C4A3D4806
:102CC00040F2EB130DF08CFC3B480DF089FC40F218
:102CD000EB1137480DF07BFC042A0CD83749344AF5
:102CE00034484FF4F9730DF07BFC35480DF078FC57
:102CF0004FF4F971EDE7043ACD1D8E1825F0070564
:102D000026F00706761B172E4FEAD6070CD82D495A
:102D1000274A284840F2FB130DF062FC28480DF0CA
:102D20005FFC40F2FB11D4E7B7FA87F4C4F120024C
:102D3000C4F12404A4000734E408631C4FF0000825
:102D4000BB420560AF60C5F80C800CD91E49184A1B
:102D500018484FF403730DF043FC19480DF040FC84
:102D60004FF40371B5E74146920005F1100008F0F9
:102D700041FF630043F001036B8005EBC4023B1B82
:102D80005900A5F800805180AA1925F83440A2F80E
:102D90000280AB5305EBC70321465A8842F001027B
:102DA0005A802846BDE8F0410DF039BBDD2E010800
:102DB0000F2E0108C42A0108F32E01080A2F01086A
:102DC0002B2F0108442F01086D2F01082DE9F04F2A
:102DD00091B08407009302F004030293C2F3C2038C
:102DE00003F10103DDF86880039205460E46059362
:102DF00040F0F581041D30B1072909D86FF01B00A0
:102E000011B0BDE8F08F01F00706341DC6F10806C9
:102E1000009B4FF00009013B4FF0040B0193CDF8EC
:102E200010904F464B464FF0FF32DA460DB10099F5
:102E300021600598002800F3D780984800998142C6
:102E400003D397488142C0F0CF800399A4EB050ECD
:102E500089074FEA9E0040F1E2804FF0000CCCE081
:102E60007A285AD84B280CD8472856D829282AD847
:102E7000252851D051D8202877D0233843424341C8
:102E800073E04C382E2848D8DFE800F06F474747FA
:102E900047474747474747474947474747474747C0
:102EA00047594749495959596F496C476F4718491C
:102EB000184747807D49474749477D000020002348
:102EC0004FF0040B39E02A38C0B2012101FA00F0BA
:102ED00010EA0E0F49D110F0625C30D110EA010304
:102EE00043D06046013C5C44B4FBFBF40BFB04F4B0
:102EF000002D60D0AAEB050CA444B4453FF67EAF8C
:102F000000286AD1BAF1040F45D158F8040B2060AB
:102F100004344FF0040A28E0013A002325E0019B25
:102F200013F8013C6C2B33D1019B13F8023C0020B9
:102F30006C2B0346C4D14FF0080BDA46D2E708F1F8
:102F4000070828F007080734F8E802AB24F0070464
:102F500035B106982044B0423FF650AFC4E900AB0B
:102F6000083400234FF0080BDA46019911F8010FDD
:102F70000191002800F0BB80002B7FF471AF252861
:102F8000F3D1013201234FF0040BEDE7184696E729
:102F900000200346A6E7BAF1080F40F09A8008F136
:102FA000070828F00708F8E80201C4E9000108341E
:102FB0004FF0080AD9E780B9BAF1040F02D108F13D
:102FC0000408A5E7BAF1080F40F0838008F107086C
:102FD00028F0070808F10808E9E705990139059183
:102FE00058F8041B009121E7039988074AD5A4EB00
:102FF000050E4FEA9E004FF0010CBEF5007F1ED378
:103000002849294A29484FF41F730DF0E9FA284846
:103010000DF0E6FA4FF41F7123480DF0D8FA0F2F88
:103020000FD8002D48D007F140010DEB010C0CF832
:10303000200C0CF8102C04980130049021E00F2F84
:103040000CD91849184A194840F281230DF0C8FAE2
:1030500018480DF0C5FA40F28121DDE7CDB107F146
:1030600040010DEB010EC0B20EF8200C0EF8102C32
:10307000BCF1000FDFD060F07F000EF8200C09F1EA
:1030800001090137C5F10801043406914FF6DA7ED3
:103090006BE7BCF1000F0FD00136F2E7401A0108D0
:1030A0008C5501084F2B0108982F0108C42A0108EC
:1030B000C62F0108E72F0108029802360028E0D148
:1030C0000098CDE90632FDF79BF8DDE906320644AB
:1030D000D7E7444A4449454840F2C6230DF080FAF8
:1030E000514643480DF07CFA40F2C62194E7631B39
:1030F000B3F5806F0CD33C493A4A3C4840F2D223A6
:103100000DF06EFA3B480DF06BFA40F2D22183E7E6
:103110001DB9A6F10804E01872E6029A28609B081F
:103120002B709DF81030C2B1EB7085F80290B9F1A8
:10313000000F05D008A80022C5F1010C97420ED15E
:10314000C5F101030DF120084FF0000A01930DF1C4
:10315000300B574512D1601B52E66B70E5E710F853
:10316000013B190608D504EB0C0EB64503F07F03AE
:103170003FF644AE04F8013B0132DFE7B9F1000F3E
:1031800003D098F90020002A17DB029BD3B11AF86C
:103190000B2004F8012B0022019B98182044B04218
:1031A0003FF62CAE98F8000004F8010B009903924A
:1031B0002046FDF73DFF039A14440AF1010A08F185
:1031C0000108C6E798F8002055F822300093029BCA
:1031D00045F822300098FDF713F8421CDCE76FF049
:1031E0000D000DE6982F01084F2B0108C42A010895
:1031F0000130010816300108014B1860704700BF0C
:103200009806002030B587B00025CDE903010446BB
:10321000009503A90548059500F06EF8DDE9043036
:103220009842B8BF255407B030BD00BFD304010891
:10323000F0B5094E016802460A2700200B4601310D
:103240001C78355D6D0701D41360F0BD07FB0043AA
:10325000A3F13000F2E700BFC12601082DE9F84FC5
:1032600015469A46D378234A12F803B06F2B81464D
:103270000F460BF0030B2BD026D8582B0CBF102673
:103280000A26DDF828803246002348463946FDF7F5
:103290002DFE092A08F1FF38D4B21ED83034B145CA
:1032A000E4B277F1000788F8004001D3D04511D887
:1032B0002B789B0605D5082E15D1AB7843F0080373
:1032C000AB704046BDE8F88F03F0F703702BD5E7ED
:1032D0000826D6E781460F46D5E7BBF1010F0CBFA4
:1032E00037345734DBE7102EEBD1AB7843F01003C3
:1032F000E6E700BFC12601082DE9F04F9FB08246E6
:10330000039117461C460025387810B9284600F06E
:10331000A0BD252809D00399D0470028C0F299857F
:103320007B1C01350593059FEEE71822002110A8AC
:1033300008F060FC7B78252B00F0BA800023791C14
:1033400098469E469C4618460E4611F8012B2B2A9D
:1033500000F0E18000F2D880202A00F0DF80232AEC
:1033600000F0DF802BB19DF8483043F040038DF82A
:103370004830B8F1000F05D09DF8483043F02003E5
:103380008DF84830BEF1000F05D09DF8483043F06D
:1033900010038DF84830BCF1000F05D09DF848307F
:1033A00043F008038DF8483028B19DF8483043F0C9
:1033B00004038DF848309DF8483003F04401442957
:1033C00003D16FF386138DF848309DF848300E9680
:1033D00043F080032A2A8DF8483040F0A7809DF8FA
:1033E000493043F001038DF84930731C1A782E2AB6
:1033F0009DF849200CBF0121002161F341028DF8A5
:1034000049200CD15A1C0E925A782A2A40F09E80EC
:103410009DF8492042F004028DF8492002331A78C1
:103420006C2A00F0BF8000F2A180682A00F0A7801B
:103430006A2A00F0C0804C2A00F0C58013F8012BE6
:103440000593782A8DF84B2000F205816D2A00F251
:10345000C780692A00F2FF80572A00F2DE80412AE5
:1034600004D0A2F14503022B00F2F5809DF84A300A
:1034700002F0DF020421A2F1410661F3020372426D
:103480009DF849108DF84A30724162F3C7110A065F
:103490008DF84910CBB200F11D8103F07802182A93
:1034A00040F007816FF3C6038DF849300023F6E042
:1034B0008DF84B30BB1C05939DF849209DF84A3090
:1034C000D10703F0070040F1078154F8041B049171
:1034D000002908DA9DF8481041F004018DF84810E1
:1034E000049949420491560740F1FE8054F8046B58
:1034F000002E80F2FD809DF849206FF341028DF887
:1035000049204FF0FF36F3E02D2A0DD0302A7FF40A
:1035100029AF012318E74FF0010C15E74FF0010E1A
:1035200012E74FF001080FE701200DE70EA8FFF7A3
:103530007FFE0E9BB3423FF459AF9DF84820139095
:10354000C00F60F341028DF848204FE70EA8FFF747
:103550006FFE9DF848301490C3F3400242EAD072E7
:1035600062F341038DF848300E9B58E7742A26D049
:103570007A2A7FF463AF9DF8492006210CE05A783F
:10358000682A9DF8492006D1012161F3C6028DF811
:103590004920023352E7022161F3C6028DF8492027
:1035A00001334BE75A786C2A9DF8492001D1042158
:1035B000EBE70321F0E79DF849200521ECE79DF8B2
:1035C00049200721E8E7BDF8482022F4F04222F024
:1035D000020242F4804242F00202ADF84820DFE7E6
:1035E0006E3AD3B201229A4040F282431A429DF8C9
:1035F000493037D112F0240F5FD1D1072BD59DF878
:103600004A2003F07803A3F14000032161F3020292
:1036100043428DF84A20434141E0A2F15801C9B22A
:10362000012000FA01F111F4624F7FF41FAF40F660
:10363000010319429DF849301AD111F4043F0AD010
:103640009DF84A2060F3020203F07803402B8DF8C6
:103650004A207FF42BAF9DF8483043F001038DF8EA
:10366000483023E79DF84A20022161F30202EBE78C
:103670009DF84A10022003F0780360F30201402B0A
:103680008DF84A1002BF9DF8481041F001018DF8F5
:103690004810632A7FF40AAF003B18BF01239DF84E
:1036A0004820C2F340010B4363F341028DF84820E8
:1036B00002E713F0380FCED1F8E69DF84A20032137
:1036C00013F0780F61F302028DF84A2014BF012332
:1036D0000023E4E70123E2E79DF948100029B4BF85
:1036E00013994FF0FF31FDE691077FF50AAF149E65
:1036F0009DF8491000220428CDE9132207D18A073A
:1037000005D49DF94920002AACBF06260D2603F0FA
:103710000703012BC1F3C30132D1CB1E042B04D804
:10372000DFE803F0204545202000236801294FEA07
:10373000E372CDE910321BD19DF94030DA17CDE9A3
:10374000103204349DF8483006939B074FD0059BF8
:1037500003993A4650460CF023FF0028C0F27983C3
:103760000544E0E554F8043BDA17CDE91032E9E707
:103770000229E6D11AB243F3C033CDE91023E0E7C2
:10378000022B24D1CB1E042B04D8DFE803F0181041
:1037900010181800012954F8043B4FF0000214D00F
:1037A0000229CDE91032CDD19BB21093CAE707347C
:1037B00024F00704F4E80223CDE91023C2E754F80B
:1037C000043B109300231193BCE7DBB2CDE7042B3D
:1037D00008D1073424F00704D4E900230834CDE9E4
:1037E0001023AFE7032BADD154F8043BDDE79DF880
:1037F0004B80B8F1780F3FF696ADB8F1570F5CD813
:10380000B8F1250F00F0A480B8F1240F7FF68BAD3E
:10381000B8F1410F04D0A8F14503022B3FF683AD68
:10382000DDE91023002BC0F24D810699080700F155
:103830004C81C1F300194FEA4919C3F30A51C3F38C
:103840001303002940F0448152EA030014BF4FF0F3
:10385000010C4FF0000CD80240EA5250D702CDE9DB
:103860000C70B8F1460F47EA010740EAE17008BF63
:103870004FF06608384300F0B881BCF1000F10D05B
:103880001B0343EA125317033A4618464FF0000C45
:10389000002880F25681BCF1000F40F05981CDE93B
:1038A0000C730D9B43F00043A1F2FE3B0D930021EE
:1038B000DDE90C230F46052060E1A8F15803202B19
:1038C0003FF631AD01A252F823F000BF973A00084D
:1038D0002733000827330008273300082733000860
:1038E0002733000827330008273300082733000850
:1038F0002138000827330008433A0008573A0008E7
:103900002138000821380008213800082733000832
:10391000573A0008273300082733000827330008E8
:10392000273300089D3A0008973A0008E739000855
:1039300027330008273300086139000827330008BF
:10394000973A00082733000827330008973A000801
:1039500003994046D0470028C0F27B820135E2E45B
:10396000002E109F3BDB3146384608F02BFA002F23
:103970003FF4D9AC3E18F31B4FF000099DF84A20E4
:1039800012F01001069100F05982023312F0400249
:10399000DDF84C80089218BF149ACDF81C8043447F
:1039A00018BF9B18049A002A40F36382D31A9DF82B
:1039B000482004935007C2F3800B00F15A8251064D
:1039C00040F14A82B9F1000F07D003994846D04729
:1039D0000028C0F23E820135D94630223DE2384609
:1039E000FCF70EFCC6E71098002800F022820DF1CB
:1039F0007503009312AA17AB0021FFF72FFCBDF847
:103A00004A3003F0EF0343F4F04343F0100307465A
:103A1000ADF84A304FF00009002E0CDB9DF848202D
:103A20000DF17503DB1B6FF386129E428DF8482063
:103A300001D9F31A1393002F3FF475AC0DF17506FD
:103A40006DE0109B8DF85C304FF000090DF15D06C4
:103A500017AF012392E7069B1F0758BFC3F3001956
:103A6000DDE9102354BF4FEA49194FF02B09002B11
:103A700006DA524263EB4303CDE910234FF02D09E0
:103A80000DF175030093DDE9100117AB12AAFFF7E2
:103A9000E5FB0746C0E74FF00009F1E7109B072957
:103AA0003FF641ACDFE801F00C04060C08080C0CF2
:103AB0001D7038E41D8036E4EA17C3E9005232E491
:103AC0001D6030E44FF02D09B7E64FF02B09B4E646
:103AD00040F2FF70814231D108F10108A1495FFA3B
:103AE00088F8134311F8081001F003011ED10129D1
:103AF0000BBF492369234E216E210CBF462266224B
:103B00008DF85C309DF848308DF85D106FF38613AA
:103B10008DF85E208DF848300DF15F0617AFF31B6E
:103B2000B9F1000F3FF42AAF013327E7012915BF90
:103B30006E234E23612141211A46E1E74FF0000C2C
:103B400089E6921801F1FF3140414FF0010C9FE6E8
:103B5000CDE90C20A5E6520842EAC3725B08B3F136
:103B6000333F59460BF1010BF5D200FB03FCA2FBDE
:103B7000002301F1020B6344013F01211BF1020FFD
:103B8000E9DB09B1CDE90C23BBF1000FDDE90C3213
:103B90002EDCCBF10401A1F120000BF11C0B02FA89
:103BA0000BFB22FA00F0CA40CB40079208F0DF027C
:103BB00043EA0B03472A43EA00037ED1F91C01DBE9
:103BC000BE422BDAA8F10208002E5FFA88F87DDDEC
:103BD0009DF84820920606F1FF3677D4B6F1000B27
:103BE00018BF4FF0010B721C27E04FF0000B5EE690
:103BF000023342F100020CA8CDE90C320CF0A1FC1A
:103C0000DDE90C320BF1FF3B0137DB185241002A92
:103C10000BF1FF3BF9DACDE90C32B5E79DF848200E
:103C20009006A6EB07064ED4B6F1000B18BF4FF076
:103C3000010BF2194FF066084BD4102AA8BF1022CE
:103C400010200B904FF000610020CDE90E01DDE95E
:103C50000E01002A3FD1079A1B1842EB0101B1F176
:103C6000805F47D2CDE90C31069BB8F1660F03F0B7
:103C7000200240F0BE80002F47DC30238DF85C30FE
:103C8000002A71D1002E40F3B7812E238DF85D30CC
:103C900087B17B42B342A8BF33469DF84A201393B5
:103CA000002BA6EB0306D4BF0023012363F34512C8
:103CB0008DF84A200DF15E0340E0B8F1660F4FF039
:103CC000000BB6D08FE74FF0000BB2E74FF0000BC0
:103CD00089E70022B4E7400840EAC1704908CDE90D
:103CE0000E010EA8CDE908230CF02BFC089A099BC5
:103CF000013AACE75B0843EAC1730CA84908CDE977
:103D00000C3101370CF01DFCAEE717AB0B99002905
:103D10000BDD0BA90CA8CDE906320CF02AFC069BA2
:103D2000079A03F8010B013FF0D11397AAB9002EAF
:103D300040F360812E2103F8011B0027002E1CDDBB
:103D40000B9A002A19DD0BA90CA806930CF011FCA4
:103D5000069B013E03F8010BF0E72E2203F8012B2E
:103D6000EBE700BFC02601082E238DF85D30002F41
:103D7000A0D0002E8DDC0DF15E03BBF1000F4CD105
:103D800014961E4608F0DF03452B21D1002FBABF41
:103D90007F422D232B23632FC8BF64227370C2BFC1
:103DA000B7FBF2F303F1300102FB13774FF00A0285
:103DB00086F80080CABFB17002360336B7FBF2F353
:103DC00003F1300102FB137330333170737002362C
:103DD000139B002B2BDC149B002BD4BF002301234F
:103DE0009DF84A2063F3861200238DF84A20337031
:103DF00094E60BA90CA806920CF0BBFB069A8DF872
:103E00005C00302818BF07F1FF3712B9002E40F3CD
:103E1000F3802E238DF85D304CE71E46013B16F8EB
:103E2000012C302AF9D02E2A08BF1E46AAE701230A
:103E3000D6E7734E8146771F05239FE5110748BFDC
:103E40000133A3E5104609920399D0470028099A47
:103E500005DA1FB0BDE8F08F2022DDF810B059461A
:103E600000290BF1FF3BEDDC049BCDF810B02B4497
:103E70005D1AB9F1000F05D003994846D0470028D4
:103E8000E7DB0135089B002B79D09DF94930002BE9
:103E900029DBDFF870913B46187819F800205207AB
:103EA0009B4603F101033FD49DF84A30EF1B98066F
:103EB0005F4407D44246002A08F1FF383BDC079BE9
:103EC0003B449F1A9BF800002E280AD10399D04743
:103ED0000028BEDBB8F1000F07F1010731DC0BF160
:103EE000010B5D4638E0B94699F800007028C846D5
:103EF00009F1010913D1EF1B149D47443D44EB1B0D
:103F0000002B34DC03993346424650460CF048FB04
:103F100000289EDB3844049E0546064465E003996C
:103F2000D0470028E0DA94E706930399D0470028A9
:103F3000069BB1DA8DE703993020D0470028B9DA23
:103F400087E703993020D04708F1FF38C0E703998D
:103F5000D0470028FFF67DAF287819F800305907C0
:103F6000A84605F10105F2D4A7EB0B07C4E70399B6
:103F70003020D0470028FFF66CAF0137BFE79DF82F
:103F80004A30DA0601D41B0706D503993020D04702
:103F90000028FFF65EAF0135069B3BB103999DF803
:103FA0004B00D0470028FFF654AF0135A84406E087
:103FB00003993020D0470028FFF64BAF0135A8EB1E
:103FC0000503002BF4DC039933463A4650460CF0C7
:103FD000E7FA0028FFF63DAF28449CE7039920202C
:103FE000D0470028FFF635AF0135731B002BF5DCF9
:103FF000FFF799B91746C0E60DF15D03BDE600BFB6
:1040000043300108C1260108034A536823F0020324
:1040100053600020704700BF002004E0134B1A6873
:1040200042F400721A601A6842F480621A601A68D8
:1040300042F480721A600E4B0E4A1A600E4A5368A0
:1040400043F0010353600D4B9A6D42F080529A6524
:104050009B6D0B4A82B003F080530193019B9368E0
:10406000002043F48043936002B070470020024078
:10407000D40600200024F400002004E000100240D8
:10408000007000401FB5D0E90123C168029164218E
:104090005943B1FBF2F1CDE900210446016806481D
:1040A000D21A0CF02AFAD4E90623044804B0BDE879
:1040B00010400CF022BA00BF4430010884300108DF
:1040C000F0B595B0D0F8AC6005460F460DF00FFC8A
:1040D000044608B1037833B91A4A2B460B2101A8CC
:1040E0000CF018FA01AC694628460DF010FC0246A7
:1040F00028B1154821460CF000FA00230093009BDC
:10410000CDE90A460EA9F61A28460C960DF006FCD3
:1041100080B904A80DF00CFC78B90E980F9D6424AA
:10412000A0FB0401DDE9042304FB0511FCF7DEFE1E
:104130000D9002E004A80DF0FBFB0AA8B84715B0EB
:10414000F0BD00BFA9300108AC3001087FB50146C1
:104150000E4806F0FBFD05AA0D484FF400610DF076
:10416000CAFB024670B9059B6421C3F50060414358
:10417000C90A02914FF40061CDE9000105490648E2
:104180000CF0BBF907B05DF804FB00BFC1400008AC
:1041900080240020D4300108D830010808B5044834
:1041A0000CF0ABF9BDE808400248FFF7CFBF00BFF5
:1041B0000E3101088540000838B5044C0025FFF792
:1041C000EDFF2046294606F049FBF8E7C027090025
:1041D0002DE9F84FDFF8F8A03E4FAAEB07038F2B2D
:1041E000814688460BD93C493C4A3D4840F23F1342
:1041F0000CF0F6F940F23F1138480CF0E8F9394874
:104200000CF006FA0646002834D13C4605464FF02D
:10421000010B544527D93449304A31484FF4A6732D
:104220000CF0DEF931480CF0DBF94FF4A671E3E74E
:10423000237B6BB12368DB680BB12046984723686A
:104240001B6943B9636804221968204600F00AF923
:1042500001361034DDE7204698470028F2D00BFAEB
:1042600006F31D43F4E7E3D3B9F1000F02D04FF09A
:10427000010A0DB9BDE8F88FA94695FAA5F4B4FA7C
:1042800084F40AFA04F3260107EB04146FEA030B23
:1042900025EA0305237B5BB1BB591B699BB93E44EF
:1042A000042273682046196809EA0B0900F0DAF85D
:1042B000002DE2D1B8F1000F03D06420002106F0F8
:1042C000CDFA4D46D5E7204698470028F0D1E6E7DD
:1042D00074200108642001085C3101082F310108B5
:1042E000C42A0108500F00208C310108AD310108AB
:1042F000014B53F8200070472C22010808B50346F3
:1043000008462BB1044A136000F006FB002008BDEC
:104310006FF01500FBE700BF9C060020054A064829
:1043200000231370054A1360054A4FF47A71136035
:10433000FFF7E4BF6C13002001060108480F0020BE
:104340004C0F002070B5134D297809BB0120FFF7F1
:104350003FFF114C114EB44217D91149114A12486E
:104360004FF4DC730CF03CF910480CF039F90D48AF
:104370004FF4DC710CF02BF963685B791BB1236897
:1043800020469B6898471034E5E7F5D301232B704E
:1043900070BD00BF6C130020642001087420010868
:1043A0008C3101082F310108C42A0108AD31010800
:1043B00010B5044608480CF02BF95CB1BFF35B8FD5
:1043C000064B53E8001F013943E80012002AF8D1D8
:1043D000BFF35B8F10BD00BF480F00204C0F0020C3
:1043E00070B5124B124C1B68124E05469847A860D8
:1043F000B44218D91049114A114840F2F3130CF095
:10440000EFF810480CF0ECF80C4840F2F3110CF007
:10441000DEF863685B7923B1236829461B68204670
:1044200098471034E4E7F4D370BD00BF9C06002029
:1044300064200108742001088C3101082F31010823
:10444000C42A0108AD310108044A054B9B1AB1EB9F
:10445000D30F34BF52F8310000207047AC1F010861
:10446000642001080E4BC31A1B11013310B5DBB2D7
:1044700048B90C490C480D4ADF230CF0B1F80B4841
:10448000DF210CF0A4F84468237143689A714368F3
:104490001960436801225A71BDE810400CF0DAB887
:1044A0006420010850320108C42A010818320108AA
:1044B0002DE9F04F87B004AFD7E90EA93D6B044654
:1044C0000E4693469846BAF1000F2BD0C7F80490D9
:1044D000CDF8009010217A6B53460020FEF776FC51
:1044E000011E0BDA2849294A294840F265130CF0CD
:1044F00077F840F2651125480CF069F8B1F5006FC6
:1045000011DB40F2FF730393224B02930023CDE9AA
:1045100000332149022218460CF0B8F80C37BD468A
:10452000BDE8F08F514604F007040BF0070BE400E0
:1045300044EA8B1444EA412444EA055417350D44F7
:1045400025F00705ADEB050D04ADBAF1000F13D052
:10455000CDF800907A6B534605F11000FEF736FC5B
:10456000002809DA0849094A094840F285130CF085
:1045700037F840F28511BEE74346224631462846C9
:104580000CF06BF8CAE700BF9C32010870320108DA
:10459000C42A0108A6320108F41F0108406820B1AE
:1045A000034BC01A40F3CF0070474FF0FF30704705
:1045B000AC1F01080EB403B503AB014653F8042B3E
:1045C000044801930CF09CF802B05DF804EB03B0D2
:1045D000704700BFAD060108CA0605D48B064CBF64
:1045E00002490349FFF7E6BF704700BFFE4E0108CE
:1045F000DE3201082DE9F04F89B09A46149B0693EC
:104600009DF84CB0159B0593169B179E049304468A
:104610000D469046BBF1000F00F0AD80BBF1040FDA
:104620000BD9A449A44AA54840F262230BF0D8FF55
:1046300040F26221A0480BF0CAFF06F48073079392
:104640000CF009F806F00209024600283FD09C4908
:104650002046FFF7AFFF0746B9F1000F08D016F06C
:10466000440F36D197492A462046FFF7A3FF074457
:1046700006F0010353B1944B944953F82B20944B0B
:104680002046002A08BF1A46FFF794FF06F48073FD
:10469000002B4AD006F00803002B64D1B8F1000FBC
:1046A00067D08C4942462046FFF784FF0546069BAB
:1046B0003D44002B6ED1049B002B40F08380F30718
:1046C00000F1F18031462046FFF786FFE5E007461E
:1046D000C2E7814B18680028C9D0804B4FF47A7923
:1046E0001B68B5FBF3F54FF46161B5FBF0F300FB1C
:1046F000135509FB05F54FF03C0CB3FBF1F201FB40
:104700001231B5FBF0FEB1FBFCF300FB1E550CFBB8
:10471000131109FB05F50091B5FBF0F57049CDE9E2
:1047200001E52046FFF746FFA1E706F00803EBB1DD
:104730006C4B6D4953F82B202046FFF73BFF054695
:10474000B8F1000F05D0634942462046FFF732FF1B
:104750000544BAF1000FAAD0644952462046FFF73B
:1047600029FF0544A3E74FF0000AE1E706F008053A
:10477000E6E745469BE7BAF1010F069B06D1DBB998
:10478000049B002B00F0898000251BE0002BF7D054
:10479000574812E05748069B574922460BF066FEE1
:1047A00000280CDA5549444A44484FF42F730BF063
:1047B00017FF4FF42F713DE74E485D46EBE7049B32
:1047C000002B66D0DFF83881DFF83891049F31463E
:1047D000102F204628BF1027FFF7FEFE4FF0000ADB
:1047E000554543DC059B49461A782046FFF7E2FE13
:1047F0004FF0010A1AF0070F03D141462046FFF798
:10480000D9FE574539D9059B494613F80A20204659
:10481000FFF7D0FE0AF1010ABAF1100FEAD13A49C6
:1048200020464FF0000AFFF7C5FE5246059B9A5CF2
:10483000364B995C11F0970F08BF2E223449204661
:10484000FFF7B8FE0AF1010ABAF1100F1AD01AF0F8
:10485000070F03D141462046FFF7ACFE57455246AD
:10486000E4D841462046FFF7A5FEEBE74146204647
:10487000FFF7A0FE0AF1010AB2E726492046FFF73A
:1048800099FEC7E7059B3B440593049BDB1B049300
:104890009CD1BBF1000F7FF412AF204609B0BDE8F8
:1048A000F04F0BF034BF0A4A08492046FFF782FE5A
:1048B00008E700BF15330108E6320108C42A0108E1
:1048C00021330108253301083C2201084A3301083D
:1048D000E13201084D330108580F0020540F002029
:1048E0002E330108502201085133010857330108C3
:1048F000C9060108AD060108010701085C3301087B
:10490000782D0108653301086B330108C1260108C1
:104910006D330108762D0108074A002101239042DA
:1049200006D8064A01B901231360054B1860704789
:1049300040085B000121F2E740420F00540F0020C5
:10494000580F0020F8B5074F0D4604464618B442EC
:1049500001D12846F8BD14F8011BBB6801485B680B
:104960009847F4E7C81B010810B543681C6809485C
:104970000CF034FF48B908490848094A99230BF05C
:104980002FFE074899210BF022FE23685B685C60CC
:1049900010BD00BFC81B0108CE330108C42A01089E
:1049A00090330108014B03600020704798220108F2
:1049B00070B5064686B00D46002938D08B68059341
:1049C0004B6804930B6803930024244B24490293FF
:1049D000012223462046CDE900440BF0F7FE6B6927
:1049E00005932B690493EB6803931E4B1C490094B9
:1049F000CDE901430122234620460BF0E7FEEB6997
:104A00000393194B16490094CDE901430122234633
:104A100020460BF0DBFEAB690393144B1049009466
:104A2000CDE901430122234620460BF0CFFE012EA3
:104A30000DD1EFF30583103B03930D4B029300233D
:104A4000CDE900330649324618460BF0BFFE294631
:104A5000304606B0BDE8704003F0FABF02340108EA
:104A60001420010831340108603401086F34010852
:104A70009D34010808B5034B1B689847BDE8084002
:104A800000F006B8A806002030BFFFF7FDBF00BF4A
:104A9000074A936893F90E10002907DBD269934205
:104AA0001FBF044A536843F080535360704700BFF0
:104AB000880C002000ED00E0F0B585B00024434BE9
:104AC0000293CDE90044234607460E4601224049A1
:104AD00020460BF08FFE3F4B9B6ADB0465D53E4BB7
:104AE0003B490094CDE901432046234601220BF0C7
:104AF00081FE1720374B9B6A1D050AD5374B029361
:104B000000231846CDE90033314901220BF072FE33
:104B10001820304DAB6A9C051FD50024304B029302
:104B2000012223462046CDE9004429490BF062FECC
:104B3000AB6BAA6A10040FD503932A4B2449009447
:104B4000CDE901430122234620460BF053FE1FB15D
:104B5000AB6A23F40043AB6219201E4B9B6A5905D4
:104B60000AD5214B029300231846CDE9003318499A
:104B700001220BF03FFE1A20164A936A13F4807349
:104B800015D01A4B029300231846CDE90033104983
:104B900001220BF02FFE1B200E4A936A43F47F4341
:104BA00093620023337005B0F0BD1620A2E7926A2D
:104BB0009204F1D50E4A06490093CDE90132184618
:104BC00001220BF017FE1C20E6E700BFB0340108FD
:104BD0001420010800ED00E0C6340108D7340108B4
:104BE000EA34010803350108183501083335010896
:104BF0004B3501081FB50024374B02930122234691
:104C0000CDE90044354920460BF0F4FD344B9B6A56
:104C10009A015ED5334B31490094CDE901432046DA
:104C2000234601220BF0E6FD1E202D4B9B6ADB0183
:104C30000AD52D4B029300231846CDE900332749AE
:104C400001220BF0D7FD1F20254B9B6A1C030AD5C0
:104C5000264B029300231846CDE900331F49012259
:104C60000BF0C8FD21201E4B9B6A59030AD5204B2F
:104C7000029300231846CDE90033184901220BF0B6
:104C8000B9FD2220164B9B6A9A030AD5194B029351
:104C900000231846CDE90033104901220BF0AAFD8C
:104CA00023200F4B9B6ADB030AD5134B029300238F
:104CB0001846CDE90033094901220BF09BFD242061
:104CC000074A936A6FEA03436FEA1343936204B09F
:104CD00010BD1D20A9E700BF7A3501081420010886
:104CE00000ED00E092350108A5350108BF35010847
:104CF000DD350108023601081C3601082DE9F043B4
:104D000085B00024564B0293CDE9004423468046EB
:104D1000894620465349164601220BF06BFD524B43
:104D20009B6AD80640D5514B0094CDE901432046FB
:104D300023464C4901220BF05DFD11244A4B9B6A2E
:104D400019070AD54A4B02930023CDE900334549A0
:104D5000012218460BF04EFD1224434DAB6A9A0710
:104D600024D50024434B0293CDE9004423463D491A
:104D7000012220460BF03EFD6F6BAB6A1B0659D536
:104D80003D4B38490397CDE9014300942346012266
:104D900020460BF02FFDB9F1000F03D0AB6A23F0D2
:104DA0008003AB62132403E01024C7E76FF01507FC
:104DB0002D4B9B6AD8070AD5304B02930023CDE9CF
:104DC00000332849012218460BF014FD1424264B09
:104DD0009B6A99060AD52A4B02930023CDE900333A
:104DE0002049012218460BF005FD15241E4DAB6A23
:104DF000DA0602D4AB6A9B070AD56B68180507D59B
:104E00004146384600F0B8FAB8B180F30988022468
:104E1000154B9A6A920642BF5A6A22F400525A62AD
:104E20009A6A42F0FF029A6220460023337005B06E
:104E3000BDE8F0836FF01507B4E7AB6AD906E7D594
:104E40001049114A114840F25D130BF0C9FB10489C
:104E50000BF0C6FB0C4840F25D110BF0B8FB00BF35
:104E6000473601081420010800ED00E05D36010816
:104E7000D734010890360108A8360108BE3601086B
:104E80004B3501080F370108DD360108C42A010837
:104E9000593701082DE9F041894B0446586890B014
:104EA000C0F30806002383F31188BFF36F8F02F06D
:104EB0007F45B5F17F4F0CD102F00C05082D17D1BD
:104EC000804A81490093CDE90132184601220BF056
:104ED00091FC7E497E4A7F484FF48B630BF080FB48
:104EE0007D480BF07DFB4FF48B6179480BF06FFB35
:104EF000120746BF0C461D460125002CE9D04FF095
:104F00000008F31E8DF81F80092B00F2BF80DFE838
:104F100003F005B3B796BDBDBDBDBDBB6F4B6A49C0
:104F2000674FCDF80080CDE90183002301221846A8
:104F30000BF060FC8DF81F80FE6A16F0020605D0AB
:104F4000674BCDF80080CDE9018306E0FB6A002BBA
:104F50000BDA644B0096CDE9016300235A49012224
:104F600018460BF047FC002230E0FB6A5B0076D568
:104F70005D4B55490096CDE9016301223346304629
:104F80000BF038FC7B69A26943F480737B61BFF34B
:104F90004F8FBFF36F8F7B6932F8022C23F480733D
:104FA0007B61BFF34F8FBFF36F8F4DF602739A4251
:104FB0002CD1236803934D4B43490096CDE90163FF
:104FC0000122334630460BF015FC22689DF81F3055
:104FD000CBB908AE04F1200720686168334603C3EB
:104FE0000834BC421E46F7D10F9B002D62D0C3F39C
:104FF000080121B96FEA53236FEA43230F9308A9ED
:105000001046FFF7D5FC10B0BDE8F081BB6ADBB2FB
:105010003BB10DF11F0201212046FFF76FFE024652
:10502000D4E7BB6A13F47F4F05D00DF11F010120B7
:10503000FFF742FDF3E7BB6AB3F5803F02D3FFF70A
:10504000D9FDECE72A49224A224840F22A330BF0E4
:10505000C7FA28480BF0C4FA40F22A3145E7244940
:105060001B4A1C4840F22E330BF0BAFA22480BF0D0
:10507000B7FA40F22E3138E70DF11F020021CBE7DD
:105080000DF11F010020D3E71C4B5AE71C4A1D4BB2
:105090000D4910F4F87F18BF1346103ECDE90336D2
:1050A000194B02930023CDE90033012218460BF07F
:1050B000A1FB58E723F4FF7323F001039EE700BF31
:1050C00000ED00E0AA37010814200108D5370108D7
:1050D000DD360108C42A0108E8370108263801082E
:1050E0003D3801085E3801086C3801088B3801082A
:1050F0004F2B0108A7380108CB380108FB380108FD
:10510000913701087C3701081F390108024A5369A9
:1051100043F010035361704700ED00E0EFF30880A7
:10512000EFF3098101B57246FFF7B4FE01BD00BF80
:10513000102080F311880B484FF0AA014FF404624D
:105140000CF087FB07484FF40461401880F309888E
:10515000EFF314800221084380F31488BFF36F8FAC
:1051600000F0CAF840240020084B9B6883420BD112
:10517000EFF3058343B1064B5A6842F080525A6000
:105180005A6A22F400425A6205F0A6BB880C00203D
:1051900000ED00E00A4A93686FF00A01C3F8BC1002
:1051A0000849C3F8B8004B6843F080534B600023B4
:1051B00083F31188BFF36F8F9368D3F8BC007047F7
:1051C000880C002000ED00E010B50446EFF31183D9
:1051D000102383F31288BFF36F8F0A4BD86998604E
:1051E000094B4FF000625A600022D0F8B830C0F886
:1051F000B82083F31188BFF36F8F00F027F92046A2
:1052000010BD00BF880C002000ED00E001B50CF0DF
:1052100083FBBDE801400E498A684FF0400010440E
:10522000EFF3098C80E8F01F74467046FFF7CCFF5F
:10523000A64607498A6802F1400090E8F01F8CF307
:10524000098801B504F0DEFBBDE8014070470000AD
:10525000880C00201EF0040F0CBFEFF30880EFF362
:105260000980816911F8021C0229FFD001B50BF0F9
:10527000BDFA01BD40B2002807DB044A4109012301
:1052800000F01F00834042F82130704700E100E049
:1052900038B54B1C0F2B04460D460FD9114A124945
:1052A000124858230BF09CF9114829460F23224637
:1052B0000BF096F90B4858210BF089F940B2002801
:1052C000ACBF00F160400B4A4FEA0313B8BF00F0D7
:1052D0000F00DBB2AABF00F56140135480F8003321
:1052E00038BD00BF3239010869390108C42A0108F4
:1052F0008439010814ED00E00F4A08B50F4B22F085
:105300007F029A60BFF34F8FBFF36F8FD3F888206F
:1053100022F47002C3F88820EFF3148323F004030F
:1053200083F31488BFF36F8F03F0ACFC05F08AFDA4
:1053300000F062F803F0F8FC0000000800ED00E067
:1053400042F8203C009B42F81C3C0A49019B42F871
:10535000183C029B42F8143C21F001014FF080738D
:1053600042F8043C42F8081C0023203A0266C0F8C8
:10537000B83070472F0501080A4A0346906878B193
:1053800013F1160FD0F8A80005D0A0F140029A4200
:1053900005D8834203D2814228BF002070470020F5
:1053A000704700BF880C002008B50D4B044698607C
:1053B0000E46154604F026FB204600F047F82C4622
:1053C00086F309884FF00000064B984720464FF0BF
:1053D00000014FF000024FF00003034C204700BFD4
:1053E000880C00201D0801082F050108014B102220
:1053F0001A61704700ED00E0044800231021C21834
:105400000133662B82F80013F9D1704700E100E008
:1054100008B5EFF30583064A103B02EBC30152F8CF
:10542000330049688847BDE80840FFF731BB00BF3B
:10543000401C0108024B034A0348012100F098B8C0
:10544000000002200000002098220108D0F8A820C7
:10545000054B403A1A60054A4021C3E9011218463B
:10546000012100F0ABB800BF800F002000000B1539
:105470001FB5144AD2F89030C3F30723013B98427A
:105480000FD9114B029300230390CDE90033184646
:105490000E4901220BF0E6F96FF0150005B05DF83A
:1054A00004FBC2F898000B6823F01F03034343F08A
:1054B0001003C2F89C308B6843F00103C2F8A0309F
:1054C000ECE700BF00ED00E0C83901080C2001083E
:1054D000F0B50E4689B01F4604460025B54212DAE3
:1054E000606838B3BFB1431E18420FD0134B02930C
:1054F0000023CDE9003312490395012218460BF031
:10550000B1F96FF01502104609B0F0BD1F28EDD9B2
:1055100021680B42EAD1236805930BF093F9A36845
:1055200005A90343D0B20793FFF7A2FF10F1160FAE
:10553000E7D0421C01350C34D0E700BFEE3901083A
:105540000C200108044B0522C3F89420BFF34F8FB1
:10555000BFF36F8F704700BF00ED00E0BFF35F8FB8
:10556000024B0022C3F89420704700BF00ED00E01A
:1055700038B50D4D01232A780C46FFF7A9FF287096
:1055800016300FD1094A0A490A484FF4B4730BF098
:1055900027F8094821460BF023F804484FF4B4716A
:1055A0000BF015F838BD00BF6E130020113A01084A
:1055B0004F2B0108C42A0108403A010810B5144ACB
:1055C000002312780C46FFF783FF10F1160F08D066
:1055D000104A0021D2F89030C3F30723984210DB21
:1055E00010BD0D4A0D490E4840F287130AF0F8FF2E
:1055F0000C4821460AF0F4FF074840F287110AF0F0
:10560000E6FFC2F89800C2F8A0100130E2E700BF40
:105610006E13002000ED00E0113A01084F2B010845
:10562000C42A01086C3A01082DE9F04F7B4C7C49F3
:10563000D4F890300D68C3F307239D4285B013D989
:10564000784A7949794840F29F130AF0C9FFD4F8A3
:10565000902077482946C2F307220AF0C1FF40F2A2
:105660009F1170480AF0B3FFFFF778FF49680022E6
:10567000954201F10C012DD16E4C6F4F257068469B
:10568000FFF790F9DFF8B481DFF8B4910646002502
:10569000AE4232D1237861490020D1F89020C2F384
:1056A00007229342C0F2AF80FFF74CFFD1F8903051
:1056B000C3F30723082B00F0AC806249594A5B48CA
:1056C00040F20F230AF08CFF5F480AF089FF40F296
:1056D0000F21C6E7C4F8982051F80C3C23F01F03B3
:1056E000134343F01003C4F89C3051F8043C43F0DA
:1056F0000103C4F8A0300132BAE7009A02EB0513A7
:105700002901D3F80CA00AEA0700B0F5000F60D019
:105710000AD8B0F5001F38D0B0F5800F4ED0B0F5E4
:10572000801F12D00135B3E7B0F1807F5CD0B0F1BB
:10573000007FF7D19868D3F804A052580BF082F894
:10574000CDE901A240F480200BE09868D3F804A0D2
:1057500052580BF077F8CDE901A240F0885040F4A0
:1057600030200390207801A9FFF782FE002846DA56
:105770002D492C4A2D4840F2C9130AF031FF334815
:105780000AF02EFF40F2C9116BE79868D3F804B015
:1057900052580BF057F81AF0010F40EA0800CDE913
:1057A00001B20390DED02A491E4A20486D230AF038
:1057B00017FF28480AF014FF6D2152E79868D3F8C4
:1057C00004A052580BF03EF8CDE901A240EA0900CE
:1057D000C7E79868D3F804A052580BF033F8CDE926
:1057E00001A240F08270BCE79868D3F804A0525838
:1057F0000BF028F8CDE901A240F08870B1E72378DA
:10580000013323708EE7C1F89830C1F8A00001334E
:1058100043E7002005B0BDE8F08F00BF00ED00E0D9
:10582000A4220108113A01084F2B0108C42A0108DB
:10583000993A01086E1300200000F0FF00000811E3
:10584000000002074C3B01089C3B0108223B010879
:10585000CD3A0108F33A010808B50B4BC3F10053E8
:1058600003F50033B3F5005F0CD20849084A094834
:1058700089230AF0B5FE08480AF0B2FE04488921DF
:105880000AF0A5FE002008BD803A0020FC3B01087C
:10589000CC3B0108C42A0108453C0108014B1860B3
:1058A000704700BFB0060020F8B5084F06460D4609
:1058B0000024AC4208DA3B6898470A28305504F1C6
:1058C000010401D00D28F4D12046F8BDAC0600201B
:1058D000F8B50A4F0D46461EC0F10104A3199D42BA
:1058E00001DC2846F8BD73780A2B02D13B680D20F5
:1058F00098473B6816F8010F9847EFE7B00600207D
:1059000010B5074C2368C2180648C0F1005101F5D4
:1059100000318A423ABF2260C0184FF0FF3010BDFC
:105920008C0F0020803A002010B5044658B9114968
:10593000114A124840F28B130AF052FE40F28B11CA
:105940000D480AF044FE142005F088FE206060B97E
:105950000B49094A094840F293130AF041FE0948ED
:105960000AF03EFE40F29311EAE7BDE810400BF06A
:1059700083BF00BFCD3C0108CC3B0108C42A01080D
:10598000CC3C0108083D010808B558B9074908484A
:10599000084A40F2A9130AF023FE064840F2A91172
:1059A0000AF015FEBDE8084005F060BECD3C0108D8
:1059B000C42A0108CC3B010810B558B909490A4866
:1059C0000A4A40F2BB130AF00BFE084840F2BB1132
:1059D0000AF0FDFD4FF0FF32BDE810404FF0FF33FD
:1059E00003F050BACD3C0108C42A0108CC3B0108A1
:1059F00008B558B907490848084A40F2D7130AF0D1
:105A0000EFFD064840F2D7110AF0E1FDBDE808407D
:105A100003F008BBCD3C0108C42A0108CC3B0108B7
:105A200008B505480AF069FD002383F31188BFF328
:105A30006F8F0423184602DF2B3D01082DE9F0414A
:105A40000F4E104F054600244FF001082B7853FAF3
:105A500084F01F280DDC726908FA00F333EA0202B1
:105A600007D1736157F830301BB107EBC0025168A2
:105A700098476A780134E3B29A42E7D2BDE8F081F0
:105A800000040140900F0020044B18440023013310
:105A9000994200F8012BFADC704700BF580800203B
:105AA00010B4064B064902460C6818560123934071
:105AB00023430B6010BCFFF7DDBB00BF580800207C
:105AC000000401401F2806DC034901220B688240C4
:105AD00023EA02030B6070470004014003292AD81F
:105AE000DFE801F0020E141F134B01229968824077
:105AF00021EA02019960D96821EA0202DA6070475E
:105B00000D4B0122996882401143F3E70A4B0122B1
:105B1000D96882401143D960996821EA02029A60EB
:105B20007047012303FA00F0034B9A6802439A601E
:105B3000DA681043D86070470004014030B50A4B62
:105B400053F830408C4204D103EBC0056D68954298
:105B500005D034B943F8301003EBC0035A6000207D
:105B600030BD6FF00F00FBE7900F0020034B0022C9
:105B700043F8302003EBC0035A607047900F0020B9
:105B80002DE9F04F5D881F469B88013587B01D4485
:105B9000FB88BDF844901D44109B88469246002B1C
:105BA00000F0C480B9F57A7F80F0C080836805A9D1
:105BB0009B6A9847002840F0BC80B9F1000F0AD1D9
:105BC0005D4B109A9A4239D85C4B40F26B399A423D
:105BD00088BF4FF44879059B0093109B5D43009B61
:105BE000B3FBF5F5BAF808309D4238BF1D46109B4F
:105BF00003FB05FB6FF0004301933B89AB4220DAC6
:105C00000198B8F80630B8F804205B08934228BF22
:105C10001346A8F80030BAF80020934203D93A8816
:105C20009A4228BF1A466FF000439842A8F8002015
:105C300008BF6FF0850007B0BDE8F08F40F2EE2995
:105C4000C9E7009BB3FBFBF00BFB10333BBB81B2FE
:105C50007B88B7F804E003934FF47A7600FB09F2EF
:105C6000B2FBF6F2BAF80660BAF804C002968A1AD5
:105C700092B20EEB0304B242BAF80230A4B212D9C7
:105C8000FE88964228BF16464A1E921B92B2944244
:105C90000BD20E1BFA88013EB6B2B24210D2109B54
:105CA00001359B44A9E7029EEEE70CEB0304A4B286
:105CB000944232D9091B029A01398EB2B242EED80F
:105CC000B3EB540F4FEA540203D2039B934228BF15
:105CD0001346E21A92B2964521D2A4EB0E039BB270
:105CE00072464FF47A7104FB01140199B4FBF0F48D
:105CF000A14534BFA4EB0900A9EB04008842CED231
:105D0000A8F80230A8F80420A8F80660A8F80850FF
:105D100000283FF476AF0190C1E71446D0E79445E0
:105D200082BFA4EB0C039BB26246DAE76FF015006A
:105D300081E76FF004007EE700350C0020A107002A
:105D40002DE9F04305468FB01E46D5F80890DDE9F1
:105D5000163017460C46F1B10A684979C90706D5CD
:105D6000B2F1005F1CD3244B1D21082005E0B2F5E1
:105D7000006F15D3214B0B210320CDE90331204BBC
:105D800002930023CDE90502CDE900331D4901222C
:105D900018460AF00FFE6FF015000FB0BDE8F08353
:105DA000E3B90DF124081946012240460BF06BFDC2
:105DB000154B0093CDF80480D9F814903A46334639
:105DC00021462846C8470028E7D14FF0FF324FF060
:105DD000FF33404603F00EFA0D98DEE7CDE91630AA
:105DE000D9F814E03A46334621462846F4460FB027
:105DF000BDE8F043604700BF603D0108693D010810
:105E0000723D0108AC1F0108AD09010870B5866834
:105E10008AB0F9B1F3B11D7A1C6815F0010F5D6805
:105E20001CD0B4F1005F02D2B5F1005F20D3134A59
:105E30001D210823CDE90735CDE90534104B029328
:105E40000023CDE90321CDE900330E490122184694
:105E50000AF0B0FD6FF015000AB070BDB4F5006F28
:105E600002D2B5F5006F03D3074A0B210323E1E704
:105E7000B469A4460AB0BDE870406047603D0108BF
:105E80009F3D0108AC1F0108693D010873B5144628
:105E90001E4682683032074D8368AC4203F13A03F4
:105EA00005D8CDE90046FFF76BFE02B070BD6FF07C
:105EB0001500FAE740420F0073B514461E4682688B
:105EC0004832074D8368AC4203F1520305D8CDE94F
:105ED0000046FFF755FE02B070BD6FF01500FAE7FF
:105EE00000127A0030B543689B6987B01B680D4685
:105EF0009847044658B1074B02930023CDE903505D
:105F0000CDE900330449012218460AF09FFD2046DE
:105F100007B030BDEC3D0108B41F010830B543683F
:105F20009B6987B05B680D469847044658B1074B9C
:105F300002930023CDE90350CDE900330449012247
:105F400018460AF083FD204607B030BD0F3E010819
:105F5000B41F01082DE9F04F9DB004460493436837
:105F600091468B46482200210AA8D3F81C8005F0F0
:105F700041FE07AA49462046FFF7B4FFF0B9DFF813
:105F800098A1079D6B0619D0C5F3052505EBC50142
:105F90000BEBC10189B2082308AA204605910AF03B
:105FA00043FD059968B15D4B02930023CDE90033B1
:105FB00003905B49012218460AF048FD1DB0BDE878
:105FC000F08F9DF82630C3F303008DF82C009DF868
:105FD0002300870642BF9DF82D6046F002068DF82B
:105FE0002D609E0642BF9DF82D6046F004068DF898
:105FF0002D60DF0603F00F0248BF9DF82D309DF89D
:10600000277044BF43F008038DF82D30060642BFC9
:106010009DF82D3043F010038DF82D30400607F029
:106020007F0724D5089BC3F31C030A939DF82D30EA
:1060300043F001038DF82D301AF80230402B5FD861
:106040009DF82D6016F0020617D1B3B10333083165
:1060500003F4FE730CAA89B220460AF0E5FC60B195
:10606000304B0390CDE9016300963346A1E7BDF8BC
:106070002230C3F38A030A93DEE79DF82D3013F034
:10608000010F3BB22BD098F80E2097420BD3264934
:10609000264A274840F2F9230AF0A2FA40F2F921F1
:1060A00022480AF094FAD8F8082002EBC30152F80B
:1060B00033304A6813B10AA92046984704992A4602
:1060C0002046FFF72BFF00287FF478AF07AA494648
:1060D0002046FFF707FF00283FF453AF6EE798F81C
:1060E0000D20974209D31349104A114840F2FE236C
:1060F0000AF076FA40F2FE21D2E7D8F80420D4E77D
:106100000D4B02930023CDE90033054901221846C7
:106110000AF09CFCD2E700BFC0440108333E0108EE
:10612000B41F01085A3E0108A93E01087F3E01083C
:10613000C42A0108C13E0108D93E01082DE9F341F6
:106140000669103605464FF0FF324FF0FF333046F8
:106150000AF08BFC01AA18212846FFF7C3FE04466B
:1061600048BB019A182122F0100228460192FFF73D
:10617000D5FE0446F8B902F09DFA01AA0746182197
:106180002846FFF7AFFE0446A8B9DFF84C80019B14
:106190001B0710D502F08EFAC01B404512D9019A98
:1061A000182142F0100228460192FFF7B7FE041EA4
:1061B00008BF6FF00A0430460AF059FC204602B0CE
:1061C000BDE8F08101AA18212846FFF78BFE0028C0
:1061D000DDD00446EFE700BF4066030170B50469F7
:1061E000237905460E462BBB10344FF0FF324FF09B
:1061F000FF3320460AF039FCF38832883189013BAD
:10620000013A03F07F0343EA4263B288013A120283
:1062100002F47F421343094A013902EA0142284647
:106220001A431C21FFF77AFE054620460AF01FFCA0
:10623000284670BD6FF00F05FAE700BF0000FF01B0
:106240002DE9F04FD0F81080D0F804A098F8046041
:1062500087B00546002E76D1DAF80000A8B1836831
:10626000D8F800101B689847044670B1374B03906C
:10627000CDE90163364900963346012230460AF0E3
:10628000E5FB204607B0BDE8F08F2E6910364FF0D1
:10629000FF3230464FF0FF330AF0E7FB05AA182122
:1062A0002846FFF71FFEA8B130460AF0E0FB294B55
:1062B000029300231846CDE90033254901220AF054
:1062C000C5FBDAF8000010B183685B6898476FF08F
:1062D0000404D6E7059A182122F001022846059207
:1062E000FFF71CFE0028DFD10BF087FB05AA07464D
:1062F000894628461821FFF7F5FD04460028D3D12A
:1063000040F2E93B059BDB0708D430460AF0AFFBBF
:10631000002CCCD1012388F80430B2E70BF06DFBE0
:10632000C01B61EB0901584571F1000108DA05AAAB
:1063300018212846FFF7D6FD0028E3D00446E4E7FD
:106340006FF00A04E1E76FF077049AE7EA3E01088C
:10635000B41F0108143F01082DE9F041072906691F
:1063600086B080460D4610D92E4B02930023039130
:10637000CDE900332C49012218460AF067FB6FF083
:106380008504204606B0BDE8F0813379002B46D164
:1063900006F110074FF0FF324FF0FF3338460AF096
:1063A00064FB04AA18214046FFF79CFD0446002820
:1063B00031D105AA10214046FFF794FD044650BB99
:1063C000049BE80745BF43F08003049323F0800358
:1063D000059B58BF0493049A44BF43F010030593F0
:1063E000A9074CBF42F0200222F020026B074CBFED
:1063F00042F4407222F44072182140460492FFF7A2
:106400008DFD044638B9059A10214046FFF786FDF8
:10641000044600B9356038460AF029FBB1E76FF051
:106420000F04AEE72E3F0108B41F01082DE9F0412B
:1064300086B005AA502145680446FFF753FD0028A1
:106440003ED1214F214EDFF88880059A12F0990243
:1064500036D050212046FFF761FD88BB059BD80749
:1064600005D5E98EA823A4222046FFF773FD059BDE
:10647000D90605D5298FB823B4222046FFF76AFD37
:10648000059B1A0708D50023CDE9003302970122A6
:10649000314618460AF0DAFA059B1B0609D5002397
:1064A000CDE90033CDF808800122314618460AF0C4
:1064B000CDFA05AA50212046FFF714FD0028C4D0CC
:1064C00006B0BDE8F08100BF473F0108B41F0108D6
:1064D0005D3F01082DE9F04F8DB008AA5021D0F89A
:1064E00010900446FFF7FEFC002840F0A180754E96
:1064F000089A324000F09C8050212046FFF70EFDA4
:10650000002840F09580089B13F0607F34D0276905
:10651000636809AA0DF11F012046D7E902ABD3F841
:106520001C800AF043FB38BB9DF81F50BAF1000FE6
:1065300004D0099A5B4629462046D047032D1BD13B
:106540004FF0FF32D4212046FFF7E8FC054698B90A
:106550008246243798F80C309D426CD30AAA182141
:106560002046FFF7BFFC38B90A9A182122F0010231
:1065700020460A92FFF7D2FC089BDD0425D5676808
:10658000D4F810A0D7F81C8009AAF4212046FFF700
:10659000A9FCD0B9099DA80617D0B98FC5F3042569
:1065A00001EBC50108230AAA89B220460AF03CFA89
:1065B000002857D0444B029300230390CDE90033C9
:1065C0004249012218460AF041FA089B19040DD5E8
:1065D0003F4B02930023CDE900333C49012218468A
:1065E0000AF034FA09F1240002F0ACFD089B9A008D
:1065F00009D5384B02930023CDE9003333490122FA
:1066000018460AF023FA089B9B0309D5324B0293E4
:106610000023CDE900332D49012218460AF016FA6D
:1066200008AA50212046FFF75DFC00283FF460AF28
:106630000DB0BDE8F08FD8F8003053F835B0EA005F
:10664000BBF1000F0CD043F835A0D8F8003013444C
:106650006FF071015A682046D847384602F072FD43
:10666000013577E72A46F82120469DF82FB0FFF73D
:1066700055FC05460028A8D198F80C305B450BD88E
:1066800016491748174A4FF40A7309F0A9FF15482D
:106690004FF40A7109F09BFFD8F8001001EBCB030F
:1066A0000FFA8BF05A6851F830B0059241F830502B
:1066B0000AF1240002F046FD059A29462046D847F3
:1066C00062E700BF0090823B733F0108B41F0108DE
:1066D000AE3F0108C33F0108DE3F0108993F0108B2
:1066E000C42A01087F3E01082DE9F04F07460669DC
:1066F0009A4643680879D3F81C908FB00F28154646
:106700000793984A034628BF0F23884612F803B020
:106710004A799101C2F3400401F0400141EA441179
:106720000023CDE90C338DF8331000F00F01C2F3D4
:10673000C00461F07F0141EA0411C2F3800441EA20
:1067400044110F2A8DF836100FD90392864A8749D3
:106750000093CDE90132184601220AF077F96FF073
:10676000850420460FB0BDE8F08F336813F00403B2
:106770000CD112F00C0F09D07D4A7C490093CDE971
:106780000132184601220AF061F9E8E7BBF1400F37
:106790000FD94023CDE903B3764B02930023CDE913
:1067A00000337249012218460AF050F96FF01504BF
:1067B000D7E712F004030DD00F2811D96E4B0293C6
:1067C00003900023CDE900336849012218460AF0FE
:1067D0003DF9EBE7082803D9684A03900292F1E7F4
:1067E0003379002B00F0B4800BAA44213846FFF720
:1067F00079FB04460028B4D10B9B1A0600F1AB804C
:1068000006F1240309932A46534606F1240002F0B8
:10681000F1FC0446002840F0A18034364FF0FF33ED
:106820004FF0FF3230460AF020F999F80C30A342BD
:1068300037DC4FF0FF3598F80530D8F800208DF898
:106840003750DB074BBF0C9BBDF8323062F31C03A3
:1068500062F38C034CBF0C93ADF8323005EBC503EB
:10686000DB009BB20893079BD98F089B19440CAAA5
:10687000082389B238460AF0DEF80446D0B1404B0E
:1068800002930023CDE900330390384901221846D2
:106890000AF0DCF830460AF0EAF8099802F052FCF7
:1068A0005FE7D9F8002052F834202546002AC2D0EC
:1068B0000134BCE798F805A01AF0020A1BD1BBF11D
:1068C000000F18D0079A0899D28F083211440BF1A3
:1068D000030303F4FE7308F1080289B238460AF094
:1068E000AAF8044638B1274B0390CDE901A3CDF8AF
:1068F00000A05346C9E799F80C309D420BD32249BA
:106900002248234A40F2044309F06AFE204840F23C
:10691000044109F05CFED9F80030189A43F835209C
:10692000D9F80030EA001344199A5A600122AA40AB
:10693000D0213846FFF7F2FA044628B1D9F80030E2
:10694000002243F83520A5E730460AF090F808E722
:106950006FF0720405E76FF0710402E76FF00A044C
:10696000FFE600BFC0440108F93F0108B41F010859
:106970001C40010847400108774001089940010880
:10698000BB400108E54001080D410108C42A010887
:106990007F3E01082DE9F04F894619685B68D0F801
:1069A00004B00669DBF81C709246384AC3F30A0348
:1069B00002EA014287B043F00043134310360593C7
:1069C00005464FF0FF334FF0FF3230460AF04DF8E6
:1069D0007B7B0024A3420FDC2D4B0293002318463F
:1069E000CDE900332B4902220AF030F830460AF094
:1069F0003EF86FF01B0545E07A6852F83480B8F134
:106A0000000F1DD00134E5E730460AF030F87B7BFB
:106A10009C420BDB20492148214A40F2564309F0B1
:106A2000DFFD1F4840F2564109F0D1FD7B6843F875
:106A300034907B6803EBC4032546C3F804A021E02F
:106A40009DF8172004F00103013363F3C5028DF8AC
:106A50001720BBF8321001EB84012846042305AA55
:106A600089B209F0E8FF05460028CDD00D4B094951
:106A70000395CDE90183CDF80080434601224046CD
:106A800009F0E4FF284607B0BDE8F08F0000FF07DB
:106A900068410108B41F01084F410108C42A0108D8
:106AA0007F3E0108234101082DE9F04F1C7AD0F800
:106AB00004B089B0012CDBF81C50059106469246C3
:106AC0009C4610D94B4B02930023CDE900334A4931
:106AD00003940122184609F0B9FF6FF0850630468D
:106AE00009B0BDE8F08F002C55D00024CDF81B4034
:106AF000069BDCF800208DF81F4062F31C03069310
:106B0000DCF80430079A076923F0604302F0005272
:106B100043F000431343103707934FF0FF324FF019
:106B2000FF33384609F0A1FFAB7B9C420FDB334BB0
:106B3000029300231846CDE900332F49022209F0C1
:106B400085FF384609F093FF6FF01B06C7E7AA6878
:106B500052F83480B8F1000F22D00134E5E738460E
:106B600009F085FFAB7B9C420BDB25492548264A73
:106B700040F28A4309F034FD234840F28A4109F08B
:106B800026FDAB68059A43F83420AB684B44264693
:106B9000C3F804A02BE009B0BDE8F04FFFF7FABE40
:106BA0009DF81B20BBF8341004F00103013363F39C
:106BB000471201EBC4018DF81B203046082306AABA
:106BC00089B209F038FF4FEAC40906460028C6D04A
:106BD0000E4B09490396CDE90183CDF80080434669
:106BE0000122404609F032FF002EFFF678AF6B7BA2
:106BF0001E4474E788410108B41F0108C54101081B
:106C0000AC410108C42A01087F3E01082341010864
:106C10002DE9F043D0F804900769D9F81C600C1EE8
:106C200085B005460DDA314B02930023CDE90033E0
:106C30002F4903940122184609F008FF05B0BDE86A
:106C4000F08310374FF0FF334FF0FF32384609F032
:106C50000CFF737BA3422BDCB27BE31A9A424FF00A
:106C6000000410DC0393214B0094CDE9014323463B
:106C70001F490122184609F0E9FE384605B0BDE873
:106C8000F04309F0F4BEB26842F83340B26802EB58
:106C9000C30228465460B9F8341001EBC30108223E
:106CA00089B209F0CFFE0028E7D0124B0390DBE752
:106CB00073684FF0000843F83480736803EBC40333
:106CC0000422C3F80480B9F8321001EB840189B2C0
:106CD000284609F0B7FE0028CFD0074B0390CDE936
:106CE0000183CDF800804346C2E700BFE5410108BB
:106CF000B41F0108004201082C4201082DE9FF479A
:106D0000076945683B79D5F81C800646002B4CD0B6
:106D10004FF47A72002309F0ACFE044678B1244B9C
:106D200002930023CDE9003322490122184609F0DD
:106D30008DFE6FF00404204604B0BDE8F08728689B
:106D400088B183685B689847054660B11A4B039029
:106D5000CDE901430094234620461649012209F05B
:106D600075FE2C46E7E70025304609F058FFA94696
:106D70003D71243798F80C309D42DCD2D8F80030B1
:106D800053F835A0EA00BAF1000F0CD043F8359063
:106D9000D8F8003013446FF072015A683046D0477B
:106DA000384602F0CFF90135E4E76FF07704C2E727
:106DB00058420108B41F010872420108F0B50023CF
:106DC0008DB04668ADF82030CDE90633CDE9093302
:106DD000ADF82C30B369F4691A68076905465AB9E9
:106DE000A649A74AA74840F2655309F0F9FB40F2CB
:106DF0006551A34809F0EBFB5A684AB9A249A04A79
:106E0000A04840F2665309F0EBFB40F26651F0E710
:106E10009A684AB99D499A4A9A4840F2675309F0DC
:106E2000DFFB40F26751E4E7DA684AB99849944ACF
:106E300094484FF4AD6309F0D3FB4FF4AD61D8E74C
:106E40001B694BB993498E4A8E4840F2695309F049
:106E5000C7FB40F26951CCE74CB98F49884A894851
:106E600040F26A5309F0BCFB40F26A51C1E7227B51
:106E7000F38D9A4209D98949814A824840F26C537C
:106E800009F0AEFB40F26C51B3E7627B738C9A421F
:106E900009D983497A4A7B4840F26D5309F0A0FB37
:106EA00040F26D51A5E7A27BB38C9A4209D97D4986
:106EB000734A744840F26E5309F092FB40F26E51EF
:106EC00097E707F110000AF0D7FC07F134000AF049
:106ED000D3FC227B114607F124000AF0D4FC306871
:106EE00070B10AF07BFC034650B96F4A6F490090BD
:106EF000CDE90102012209F0A9FD6FF012041DE0A5
:106F00002846FFF71BF9044628B1694B029300237A
:106F1000CDE900330BE04FF47A720023284609F0E4
:106F2000A8FD70B1634B0094CDE9014323465F494E
:106F30000122184609F08AFD6FF0040420460DB0C6
:106F4000F0BD284609F06BFE05AA18212846FEF779
:106F5000C9FF04460028F1D1059A182122F469726C
:106F600028460592FEF7DAFF04460028E6D105AA76
:106F700010212846FEF7B6FF04460028DED1059A08
:106F8000102122F0100228460592FEF7C7FF0446A2
:106F90000028D3D105AA80212846FEF7A3FF044686
:106FA0000028CBD1059A802142F02B022846059279
:106FB000FEF7B4FF04460028C0D1F268338A06A960
:106FC0002846FEF763FF163001D13B4BABE77269F1
:106FD000738A09A92846FEF76FFF163001D1374B97
:106FE00094E706A9284609F0F5FC044658B1344B4D
:106FF00002930023CDE9003303902C490122184667
:1070000009F024FD79E709A9284609F0F6FC30B11A
:107010002C4B0390CDE9014300942346EDE72A4A27
:10702000059254212846FEF779FF0446002885D1B1
:107030009922582128460592FEF770FF0446002841
:107040007FF47CAF03225C2128460592FEF766FFA1
:10705000044600287FF472AF4FF0FF32E02128464B
:107060000592FEF75BFF044600287FF467AF0146F8
:10707000326C284609F0E6FC04465FE7B742010897
:107080007F3E0108C42A0108DC42010802430108CE
:10709000284301084F43010876430108974301083C
:1070A000BF430108E843010811440108B41F010867
:1070B0009D420108584201082B4401084D44010833
:1070C00079440108974401089990820310B54368F8
:1070D0005B6C5C680B19A4074FEA92000ED01B4949
:1070E0001B4A1C4840F2B75309F07AFA1A4809F0D3
:1070F00077FA40F2B751164809F069FA89070CD0BF
:107100001649134A13484FF4B76309F069FA144853
:1071100009F066FA4FF4B761EDE712F0030205D10A
:1071200003EB800199420ED1002010BD0D49084AA1
:10713000084840F2B95309F053FA0B4809F050FAE5
:1071400040F2B951D7E743F8042BEBE712450108A9
:10715000D9440108C42A0108224501084145010813
:1071600053450108744501088345010838B5406856
:10717000406C45684C19AD074FEA93000ED0244986
:10718000244A254840F2945309F02AFA234809F08A
:1071900027FA40F294511F4809F019FA8D070CD0D4
:1071A0001F491C4A1C4840F2955309F019FA1D4822
:1071B00009F016FA40F29551EDE791070CD01A4903
:1071C000144A154840F2965309F00AFA174809F094
:1071D00007FA40F29651DEE79B0708D102EB8003E5
:1071E000A11A934202EB01000ED1002038BD1049D4
:1071F000084A094840F2975309F0F2F90D4809F09E
:10720000EFF940F29751C6E752F8044B0460E8E703
:1072100012450108D9440108C42A01082245010881
:107220004145010853450108A1450108C045010831
:10723000744501088345010838B54068406C4568CD
:107240004C19AD074FEA93000ED02449244A254833
:1072500040F26B5309F0C4F9234809F0C1F940F238
:107260006B511F4809F0B3F98D070CD01F491C4A18
:107270001C4840F26C5309F0B3F91D4809F0B0F90D
:1072800040F26C51EDE791070CD01A49144A1548A9
:1072900040F26D5309F0A4F9174809F0A1F940F242
:1072A0006D51DEE79B0708D102EB8003A11A9342E0
:1072B00002EB01000ED1002038BD1049084A0948F0
:1072C00040F26E5309F08CF90D4809F089F940F24B
:1072D0006E51C6E7006842F8040BE8E71245010862
:1072E000D9440108C42A0108224501084145010882
:1072F00053450108DD450108FC45010874450108B6
:1073000083450108D02808B546D02FD8A82845D0F5
:1073100011D8842819D0A0F188039BB21C2B09D85E
:10732000284901229A400A420FD11C2B38D0082B41
:1073300008BF842008BDB82834D010D8B42833D072
:10734000F8D8AC2801D0B028F4D11F491F48204AF2
:10735000CB2309F045F91E48CB2109F038F9CC2898
:1073600024D0E7D8BC28F0D0C828EDE7E0281FD00B
:1073700007D8D8281ED0DC281ED0D42808BFD0209B
:10738000D8E7F4281AD003D8E42819D0F028DBE78E
:10739000F82808BFE820CDE7CC20CBE79420C9E748
:1073A0009020C7E79C20C5E79820C3E7C820C1E725
:1073B000DC20BFE7D420BDE7D820BBE7E420B9E755
:1073C000E020B7E7010011014F2B0108C42A010892
:1073D000194601081FB54FF040700C4601F064FAE1
:1073E000034658B90C4A0090CDE901020B4901222D
:1073F00009F0C8FC6FF0040004B010BD084AD2F8D0
:10740000001511B923600020F6E7D2F800255200DC
:10741000B0FBF2F3F6E700BF4A460108BC1F0108C3
:10742000006000402DE9F04143685E6C86B005467F
:1074300005AA706900210AF017F8041E07DB059BF6
:1074400000221979186800F027FD041E0EDA3A4B65
:10745000039402930023CDE90033384901221846F2
:1074600009F090FC204606B0BDE8F0816B685F6CC7
:10747000334C20460AF0B2F9002859D0BB68F968AD
:10748000D4F80880012B18D9D8F8183008318BB1FE
:10749000204600229847041E0FDA2A4B029300234D
:1074A000CDE9003325490122184609F06BFC264B33
:1074B0000394CEE76FF05704EFE7D8F80030F9688F
:1074C0001F489847041EF2DB3B7E3BB1284609F07B
:1074D000A6FB3B7E1D4A5B08C2F80035284609F032
:1074E0009EFB05AA80212846FEF7FCFC04460028E6
:1074F000B8D1059A42F0016242F440228021284628
:107500000592FEF70BFD04460028ABD14FF08072C8
:10751000C0212846FEF702FD04460028A2D12846D5
:10752000FFF74CFC044600289CD13369984799E743
:107530006FF01204BBE700BF60460108BC1F0108E2
:10754000001B01087E460108A846010800600040B3
:1075500010B5214B18680B68082B144616D00B2B5E
:107560000BD89BB1013B0A2B10D8DFE803F01716AC
:107570002E163331160F1A252500582B0ED008D899
:107580004C2B0BD0502B09D0482B07D06FF0850027
:1075900006E05C2B02D0602BF7E700202060002083
:1075A00010BD00F0C1F80623B0FBF3F0552358439B
:1075B0000723B0FBF3F0F1E700F0B6F80623B0FBC9
:1075C000F3F0552358434008E8E74FF4FA40E5E765
:1075D0000248E3E70248E1E7D406002000366E01E6
:1075E000006CDC02F8B54C4F4C4C00F0BBF8384650
:1075F00009F055FC01F0A8F8A368494AC3F3031346
:107600001578D35C05F01F0503F01F0320FA03F67D
:1076100047FA05F5AE4202D2284601F073F9236815
:1076200023F480232360236843F48033236023689A
:107630009A03FCD5D4F8943043F00103C4F8943095
:10764000D4F894309B07FBD5D4F8983043F001036D
:10765000C4F89830D4F898309807FBD5A36803F0A5
:107660000C030C2B18D12368590506D4236843F466
:107670008073236023685A05FCD5A36823F00303B5
:1076800043F00103A360A36803F00C03042BFAD1B9
:10769000A36823F0F003A360236823F080732360C2
:1076A000E36823F0605323F4003343F06053E36056
:1076B000E36843F48033E360E36823F4C003E360EA
:1076C000E36843F48013E36000F032F8236843F08A
:1076D0008073236023689B01FCD5A36823F0F0032B
:1076E000A360A36843F00303A360A36803F00C0343
:1076F0000C2BFAD1AE4202D3284601F003F9094B14
:107700001F60A36823F4E063A360A36823F46053BD
:10771000A3600020F8BD00BF80FE210A00100240D7
:10772000F14B0108D40600200048704700366E0176
:107730000A4AD2F8803023F48073C2F8803002F510
:10774000D032074BD1680B4043F4AA4343F05303B4
:10775000D360D36843F08073D360704700700040FB
:107760000C80FFF9064B9A6D42F080529A659B6D32
:1077700082B003F080530193019B02B0704700BFB9
:107780000010024008B507480AF028F838B106484A
:10779000FEF784F80448FBF72FFD002008BD6FF0CA
:1077A0001200FBE7C81B0108AD7700080A2838B5AE
:1077B000074D044604D1AB680D215B682846984705
:1077C000AB6803485B68E1B29847204638BD00BF0C
:1077D000C81B010810B5036961B92049204A214836
:1077E0003A2308F0FDFE204808F0FAFE3A211C4832
:1077F00008F0EDFE486850B91C49194A19483B2366
:1078000008F0EEFE1A4808F0EBFE3B21EFE798681F
:10781000F8B1884219D1DC6808689860A14200D1AB
:10782000D860002008602AB19A680A60DA68996016
:1078300002B9D960002010E0814206D108682060BA
:10784000D8688142EDD1DC60EBE70446006800288F
:10785000F2D1002AE8D16FF0150010BD2B470108C6
:10786000EF460108C42A01083447010843470108CC
:107870005547010838B5036904465860084D284645
:1078800009F0ACFF40B16168AB680C311B68284659
:10789000984700EAE07038BD6FF01200FBE700BFC8
:1078A000001B010870B5D1E9016119B101250C680F
:1078B000854001B970BD8A682A4010D04B6863B911
:1078C0000A490B4A0B485D2308F08AFE0A4808F073
:1078D00087FE07485D2108F07AFE304698471CB1C4
:1078E000236821461C46E4E72346FAE76C47010873
:1078F000EF460108C42A01085547010873B50C4634
:107900001146B1F5001F456802691E4628D104F0F2
:10791000030304339B000F229A4042EA940202F0D0
:1079200003030233374951F82310130C93FAA3F3DE
:10793000B3FA83F301EA124203F01F0322FA03F3BE
:10794000AA689A4209D12046FEF7BCF82046FEF705
:107950000DF900212046FEF7C1F8002002B070BDED
:10796000B1F5800F44D028492046FEF7E7F80028FB
:1079700041D1B6F1806F37D0B6F1C06F36D0B6F1D5
:10798000007F3BD10226214AAD6892E803006B4696
:1079900083E803001E488268194612689047D8B9E8
:1079A00004F0030304339B000F21994041EA940142
:1079B00001F003039B0003F1804303F580330A0CBD
:1079C000986892FAA2F2B2FA82F202F01F0220EA5A
:1079D000114195400D439D6020463146FEF77EF8EB
:1079E0002046FEF75DF8B8E70126CCE70326CAE794
:1079F0006FF08500B2E76FF00F00AFE76FF0150092
:107A0000ACE700BF00000140A57800088020010815
:107A1000001B010830B504694068C0684568ED0185
:107A200007D543684A6823F47F0343EA024343606F
:107A300030BD246A1D4D14F0010F44682AD044F46F
:107A40000064446044682C40234343600B7A9C07E5
:107A500028D43AB313785B0724D4436843F0807387
:107A600043604368039A23F000734360436823F440
:107A700080631343436043684A6823F47F0343EA07
:107A800002434360036843F001030360436843F427
:107A90000053CCE724F40064446044682C4044EA7A
:107AA0004303D2E7436823F08073D9E700FCFFFF6C
:107AB0002DE9F04F4768D0F81090D7F80C8085B0CA
:107AC0000C460025FB69AB4214D8D9F82030C3F32B
:107AD0004203012B53D0022B7FD0474B029300234C
:107AE0001846CDE900334549012209F0E9FA6FF063
:107AF00015002CE0D7F818B0414A0C266E430BEB6A
:107B0000060ADAF8043093422FD023D83D4A934234
:107B10002DD03D4A93422CD03C4B02930023CDE91B
:107B2000003318463549012209F0CAFA0023D9F872
:107B30002020C2F34202B2EB530F1ED15BF8063095
:107B4000A3421AD1DAF80830C8F81030002005B086
:107B5000BDE8F08F2E4A93420DD002F5C31202F514
:107B600020629342D8D10A23E1E70623DFE702230C
:107B7000DDE70423DBE70823D9E70135A2E741F27B
:107B80005C2C4FF47A6740F2E2464FF4FA75DFF866
:107B900084E002214A1EB4FBF2F2BEFBF2F2B7FB14
:107BA000F2F00138FF2821D8BCFBF2F3013BFF2B98
:107BB0001CD8B5FBF2F9B9F10F0F17D8B6FBF2F2EA
:107BC000013A0F2A12D843EA0943023943EA017302
:107BD00043EA025343EA0023B6E740F2145C4FF451
:107BE00016774FF4FA7640F27715D0E70131112974
:107BF000D0D1094B72E700BFF9470108E41F010823
:107C000040420F00A0860100801A0600DE470108EE
:107C100040E1330000CA9A3B744801081FB502696D
:107C200092F84C306BB9094A09490093CDE9013209
:107C30001846012209F0BEFB6FF0040005B05DF8A4
:107C400004FB136A0B600020F8E700BFA748010897
:107C5000DC1F01087FB542680369D26883F84E10C3
:107C600031B9136823F44013136007B05DF804FBC7
:107C7000049103680393054B02930023CDE900337D
:107C800003490122184609F095FBEEE7C5480108B3
:107C9000DC1F0108F0B50446436806691F48DD682B
:107CA0000F465968836887B0DB680022059273B974
:107CB0001B4B02930023CDE900331A4901221846D9
:107CC00009F078FB6FF00404204607B0F0BD05AA68
:107CD00098470028ECDB376206F110074FF0FF32BF
:107CE0004FF0FF33384601F085FA2B6823F001038B
:107CF0002B60204696F84E10FFF7ACFF2046059902
:107D0000FFF7D6FE96F84D3004461BB12B6843F0C2
:107D100001032B60384601F015FAD5E7001B010876
:107D2000D9480108DC1F01082DE9F0430546D0F8C9
:107D30000480066987B04FF0FF320021304609F019
:107D4000A2FD0024D8F800302846984786F84C4019
:107D500086F84E400122114606F1100009F093FD0D
:107D6000424F384609F03AFD034668B9404A414956
:107D70000090CDE90102012209F01CFB6FF0120412
:107D8000204607B0BDE8F083D5F8049005AAD9F8DD
:107D90001400214609F068FB002807DB059B2246FA
:107DA0001979186800F078F8002834DA324B029319
:107DB00000230390CDE900332E490122184609F033
:107DC000F9FAD8F810302D4A934242D036D82C4ACE
:107DD000934240D02B4A93423FD000242A4B029337
:107DE000CDE90044234923460122204609F0E2FA66
:107DF00044F010012846FFF74DFF041E4FF000032A
:107E00002FDA224A1B490093CDE90132184601229C
:107E100009F0D0FAB4E7BB68D9F804101B683846FB
:107E200098470028CDD01A4B12490094CDE9014360
:107E300001222346204609F0BDFAC2E7154A9342C3
:107E40000DD002F5C31202F520629342C5D10A2477
:107E5000CEE70624CCE70224CAE70424C8E70824B6
:107E6000C6E7012286F84C201C4689E7001B010862
:107E700007490108DC1F01082649010840420F009C
:107E8000A0860100801A0600DE470108604901084B
:107E90004449010840E133002DE9F047264F0446EC
:107EA00000EBC1060025B44201D1002014E0206897
:107EB000C30600F01F0811D4656845F02005C0F323
:107EC000481AC0F344200F2832D857F82090B9F14F
:107ED000000F1CD16FF01200BDE8F087B8F1100F51
:107EE00013D0B8F1110F01D16568E8E7B8F1000FC0
:107EF000E5D112491248134A4FF4887308F070FB19
:107F000010484FF4887108F062FB3025D7E74846E7
:107F100009F064FC0028DDD043462A460AF00F0130
:107F2000484609F099F8002804F10804BBDAD3E7C1
:107F30006FF01500D0E700BF94250108E149010862
:107F4000C42A0108AE490108012912D0022907D02C
:107F500089B90068094BC01A18BF01200003704797
:107F60000068064B984214BF4FF440504FF4005045
:107F70007047002070474FF4005070470080004069
:107F800070B51D46094B002633F812203346F8F72A
:107F9000ADFF090241EA10616C08000220182A4670
:107FA000334641F10001F8F7A1FF70BD78290108BF
:107FB0002DE9F04102694368064610681D680C46C9
:107FC000D9688368DB6888B063B9474B02930023A4
:107FD000CDE9003345490122184609F0D2FA08B02C
:107FE000BDE8F08107AA98470028EEDB404B9D4290
:107FF0005FD1079FDFF8FC8000252346AAB23846F0
:108000000021FFF7BDFFA0F54070404510D90135B4
:108010000C2DF2D1049433680393374B0293002361
:10802000CDE9003331490122184609F0AAFAD6E712
:108030002F4EF36A23F00F032B43F3628CB92C4BC2
:10804000DA68B2F5407F25D22C492D4A2D48BB2352
:1080500008F0C6FA2C4808F0C3FABB21284808F0FB
:10806000B6FA2A4B33F81520002319463846F8F79C
:108070003DFF090241EA106163080002C018224670
:108080004FF0000341F10001F8F730FFC0F3130097
:10809000F060D4E7DA681E4B9A42A0D91D49184A0D
:1080A0001848BF2308F09CFA1B4808F099FABF2132
:1080B000D4E72B6823F400432B6034B1079B03EB18
:1080C0005403B3FBF4F39BB2EB60EB680F2B86D841
:1080D00012490B4A0B48D12308F082FA104808F0E5
:1080E0007FFAD121BAE700BFD94801085C20010816
:1080F00000800040FFFC0F000A4A0108504A0108B6
:10810000214A0108C42A0108694A0108782901089E
:10811000FEFF0F00804A01089D4A0108B44A010889
:10812000C94A01082DE9F84306460A7940683369CF
:1081300004685F68012A0D4658D0931ED3F10008E9
:1081400048EB03084FEA88286979FFF7FDFE95F8A8
:108150000690B9F1020F03464BD0B9F1040F4CD091
:10816000002A54D0033A012A49D94FF48050B3F57C
:10817000805F4ED0B3F5405F4DD0002B0CBF012384
:10818000032399423BD1414609F0B9F9814536D1E3
:10819000EB79C3B1012B40D1214B9C4213D0A3F505
:1081A00074439C420FD003F580639C420BD003F5CF
:1081B00080639C4207D003F580639C4203D003F5A3
:1081C00040539C421BD1236823F0010323602946BE
:1081D000304609F05AFA236843F00103236095E81A
:1081E000030087E803000020BDE8F8834FF4C0686F
:1081F000AAE73AB94FF08050B9E7002AB5D06FF03E
:108200008500F1E7033A012AF9D90020AFE71046CB
:10821000ADE70023B5E70223B3E7032BBCD0EEE7BD
:1082200000380140F0B504694568064662482060A0
:1082300087B009F0D3FA034650B9604A6049009309
:10824000CDE90132012209F09CF96FF012040DE032
:108250002068E96883681B689847044648B9286A1B
:1082600005AA002109F000F9041E0FDA204607B024
:10827000F0BD544B02930023CDE900335049012255
:10828000184609F07EF9002CF0DBE8E7059B002298
:1082900019791868FFF700FE041EE7DB756833697B
:1082A0002C685F68236823F001032360686809F085
:1082B00095FA034608B9444AC0E7D5E90101836845
:1082C000DB6803B1984754E8003F43F00C0344E8EF
:1082D0000032002AF7D13946304609F0D6F92B7D15
:1082E0001BB1A36843F00803A3606B7D1BB16368F7
:1082F00043F400436360AB7D1BB1636843F4803398
:108300006360EB7D1BB1636843F4003363602B7ED5
:10831000002B3FD02D4B9C4222D0A3F574439C42AE
:108320001ED003F580639C421AD003F580639C4203
:1083300016D003F580639C4212D003F540539C4253
:108340000ED033680393224B02930023CDE9003310
:108350001B490122184609F014F96FF0150485E74E
:1083600073681A68936843F48043936023686A7E55
:1083700023F0787343EA425323602368AA7E23F4F0
:10838000F81343EA02432360EB7E1BB1A36843F476
:108390000043A3602B7F1BB1236843F0005323608D
:1083A000236843F001032360E3699A02FCD5E36983
:1083B0005B02FCD5002459E7001B010807490108AE
:1083C0005C200108DD4A0108FD4A0108003801402F
:1083D000184B010810B54FF0E0230F499C691A694A
:1083E00008689B690D4902F4803234B993B9034699
:1083F0004AB90A681044C01A10BD002B08BF0346D2
:108400000AB9A342F5D90A6802440A604FF0E02293
:108410001269EEE70446F3E7F8120020F412002098
:108420000A4B102283F82320094B44F268221A6079
:10843000084B002018604FF0E02344F267225A6195
:1084400098611A6942F007021A61704700ED00E076
:10845000F8120020F412002010B5FFF7BBFF104BFC
:108460001049D3E900420868001942F10002C3E94B
:1084700000020D4A00230B60D2E9004144F2682358
:10848000001BB0FBF3F043431B1941F10001C2E9AB
:10849000003102F04BFEBDE81040FCF7F9BA00BF16
:1084A000000B0020F4120020F80A00202DE9F04112
:1084B000DFF82C8199B1421C0BD14FF0E0221369F7
:1084C00023F0010313614FF07F43C8F80030BDE88B
:1084D000F081D8F80050012807DC00270BE0431C8E
:1084E000D8F80050F7D140F2D93040F2DA33984250
:1084F000A8BF1846471EEFF31184102383F3128898
:10850000BFF36F8F374802F09DFB68B9364A374991
:108510003748882308F064F83249364808F060F894
:108520008821314808F053F82E48334E02F0AEFB54
:10853000FFF750FF4FF0E0239969D6E90023801838
:1085400043F10003C6E900032C4B00221A602C4BB8
:108550001A68831A3BD444F2682C0CFB073303F5EA
:1085600084436733B3FBFCF7131A0CFB073340F269
:108570002642934238BF1346224A934228BF1346ED
:108580004FF0E022C8F80030013B906953610023AE
:1085900093618142A1EB0003D6E9001238BF5B1959
:1085A0005B1842F100020F48C6E9003202F058FBA6
:1085B00080B90D4A14490E4840F2311308F010F802
:1085C0000849124808F00CF840F23111A9E740F2CE
:1085D0002643D5E784F31188BFF36F8F77E700BF99
:1085E000F8120020FC120020654B0108924B010894
:1085F000C42A0108A74B0108000B0020F412002038
:10860000F80A00202882FF00BD4B0108D44B010866
:1086100038B5EFF31185102383F31288BFF36F8F02
:108620001B4802F00FFB68B91A4A1B491B488823F4
:1086300007F0D6FF16491A4807F0D2FF88211548DF
:1086400007F0C5FF124802F021FB164B1C68164BC1
:108650001B68E41AFFF7BEFE04440D4802F000FB5D
:1086600068B90C4A11490D4840F2311307F0B8FFC0
:1086700007490F4807F0B4FF40F23111DFE785F3F7
:108680001188BFF36F8F44F26820B4FBF0F038BD5F
:10869000FC120020654B0108924B0108C42A010816
:1086A000A74B0108000B0020F80A0020BD4B010871
:1086B000D44B010838B5EFF31185102383F31288EA
:1086C000BFF36F8F184802F0BDFA68B9174A18490E
:1086D0001848882307F084FF1349174807F080FFE4
:1086E0008821124807F073FF0F4802F0CFFA134BAE
:1086F0001C68FFF76FFE04440B4802F0B1FA68B93A
:108700000A4A0F490B4840F2311307F069FF064946
:108710000C4807F065FF40F23111E2E785F311885C
:10872000BFF36F8F204638BDFC120020654B010857
:10873000924B0108C42A0108A74B0108000B002036
:10874000BD4B0108D44B0108174B9A6802F00C028C
:10875000042A23D09A6802F00C02082A20D09A68D2
:1087600002F00C020C2A1DD1D968DA68D868DB68DF
:1087700001F00301C3F341630329C2F30312C0F301
:10878000062003F101030CBF084909495B000132CF
:10879000B1FBF2F25043B0FBF3F07047044870476E
:1087A00002487047002070470010024000366E01FA
:1087B0000024F400024B1868C0F34060704700BF0B
:1087C00000100240024BD868C0F30050704700BF51
:1087D00000100240044B054A9B68C3F30313D35CAB
:1087E00003F01F03D840704700100240F14B01080E
:1087F000044B054A9B68C3F30223D35C03F01F03B9
:10880000D840704700100240E94B0108124B9A68AB
:1088100002F00C02082A1BD00C2A1BD1DA680F4880
:108820000F4902F00302032A18BF0146D868DA682C
:10883000DB68C3F34163C0F30620C2F303120133C4
:10884000484301325B00B0FBF2F0B0FBF3F070473D
:108850000348704701487047001002400024F400AC
:1088600000366E010D4B0E48DA680E4902F0030225
:10887000032A18BF0146D868DA68DB68C3F341539E
:10888000C0F30620C2F303120133484301325B00F8
:10889000B0FBF2F0B0FBF3F0704700BF00100240F5
:1088A0000024F40000366E0108B5144BD3F888207C
:1088B0001040B0F1807F08D0B0F1007F11D0C0B976
:1088C0001B689B0318D4002008BDFFF773FF002826
:1088D000F9D0FFF777FF0028F5D0BDE80840FFF793
:1088E000C1BFFFF793FFFFF775FFBDE80840FFF733
:1088F0007FBF4FF0FF30E7E70148E5E70010024097
:1089000000366E01294A1368D2F8802012F4807F65
:1089100003F4C063264A00F1FF3124D1914242D8CA
:10892000B3F5007F2FD1234B984234D8224B984285
:1089300033D8224B984234D8214B984294BF002020
:108940000120204A136823F00F03034313601368C8
:1089500003F00F0398421CBF136803F00F03C01A03
:1089600018BF0120704791421DD8B3F5007F0AD18E
:10897000154B98420FD8154B98420ED8144B98427D
:108980000FD8144BD9E7B3F5806F08D1124B98423A
:1089900007D8124BD1E70420D3E70320D1E700200A
:1089A000CFE70220CDE70120704700BF00700040F4
:1089B0007FFE210A00321B088065140600990D0411
:1089C00080CC060200200240000E2707804A5D0589
:1089D0000087930380C3C90100366E01001BB700F6
:1089E00008B50A4A0A4B93420ED90A490A4A0B486B
:1089F000182307F0F5FD0A4807F0F2FD0648182194
:108A000007F0E5FD1433EEE7FCD308BD401C010878
:108A1000001B0108244C0108014C0108C42A01086C
:108A2000AD3101081FB50446FBF78CFC064B0293E1
:108A300000231846CDE900330449012208F0D9FE8D
:108A4000204608F0E6FE00BF3C4C01081420010857
:108A50002DE9F041044686B00E46EFF3118810234D
:108A600083F31288BFF36F8F042898BF2B4B2C4AD7
:108A700098BF53F82030976888BF2A4B127C2A4948
:108A800003900025CDE90432284B0293CDE900552F
:108A90002B460122284608F0ACFE6EB1F369C3F301
:108AA00008034BB1224B20490095CDE90153012227
:108AB0002B46284608F09DFE2FB1384608F017FFD8
:108AC00008B1037803B91B481B4B02930023CDE97F
:108AD0000370CDE9003318461349012208F089FEDE
:108AE00031462046FFF79EFF042C0CD11349144A4F
:108AF0001448862307F074FD134807F071FD1048F1
:108B0000862107F064FD88F31188BFF36F8F384624
:108B100006B0BDE8F041FCF727BB00BF9426010872
:108B2000880C00204B4C010814200108614C0108FE
:108B3000894C0108594C0108AA4C0108E44C010871
:108B4000C24C0108C42A0108014D010838B5094B7F
:108B500053F82040013053F82050A54200D838BDCA
:108B6000636823B1204608F05CFE0834F5E723680B
:108B70009847FAE7A826010870B5394B394C3A4DA9
:108B8000012286B003201A70FFF7E0FF02F01EFDFD
:108B900008F063FE0420FFF7D9FFAC42264628D92F
:108BA0003249334A3348432307F01AFD324807F06D
:108BB00017FD43212E4807F00AFD54F80C3C05939D
:108BC00054F8103C049354F8143C039354F8183CA4
:108BD000029354F81C3C019354F8203C009354E950
:108BE0000A2354E90C0100F0F1FD54F8303C5E66B4
:108BF000D3E7AE4204F13004DFD301F0F9FB194CA6
:108C00001E4EAC421FD91949194A1A48672307F06A
:108C1000E7FC194807F0E4FC6721CBE7D4E90A2315
:108C2000B3F1FF3F08BFB2F1FF3F05D052EA0301A5
:108C3000206803D108F05DFE3034E2E73146183099
:108C400002F060F9F8E7E9D301F040FCF9F75EFBC8
:108C50000B4A137B23F00103137306B070BD00BFF2
:108C60006F130020701F0108A01F0108A14D01080B
:108C7000804D0108C42A0108AD310108EB19010833
:108C8000C80B002008B50348034A0021121A08F057
:108C9000E0FD08BDB8080020741300202DE9F04164
:108CA0001B4E1C4F1C4986B0C02303FB00661B4BA8
:108CB00005934FF001080F231C2505FB00750446A2
:108CC000CDE903384FF4C0700023CDE9013300FB38
:108CD0000411134B00954FF4A072304600F076FD5E
:108CE000737B104AEE6023F0040373734FF4046344
:108CF00004FB033313446B60E31C07EB031307EB24
:108D000004172C74AB6187F8388006B0BDE8F08199
:108D1000080B0020880C0020802C0020CE4D01087C
:108D20003D8E000840240020BFB50020FFF70EFF55
:108D30002C4B83F308882C4D2C4E6B692C4F43F43D
:108D400000736B610024F02385F82230EC772C76D9
:108D50006C76AC7685F820406B6A43F4E0236B6256
:108D6000FCF7D4F9FCF742FB4FF0FF33AB62EB6248
:108D7000FCF75AFCFCF75EFBFBF7D0FA1D4BB36027
:108D800040F201129A81C3E92A44C3F8B440FFF7C4
:108D900027FE0120FFF7DAFE0220174DFFF7D6FE6F
:108DA00001F010FC154BF561059301231449009463
:108DB000CDE903434FF400623B46CDE90144284628
:108DC00000F004FD6A7B064622F0040228466A731E
:108DD00001F00AF82046FFF761FF3A46314628467F
:108DE000FCF7E2FA802C002000ED00E0880C002067
:108DF000798B0008C80C0020C80B0020272A010826
:108E0000002E002038B5054C256804EB850405B913
:108E100038BD54F80439013D9847F8E7A01F010810
:108E200038B5044C044DAC4200D338BD54F8043B73
:108E30009847F8E7AC1F0108AC1F010808B50D4BB7
:108E40009B6893F90E30002B09DB1024EFF311839C
:108E500084F31288BFF36F8F07F0E7FCF6E706494B
:108E60000648074A1B2307F0BBFB05481B2107F0F8
:108E7000AEFB00BF880C0020F74D0108C42A010892
:108E8000D64D01082DE9F341044617461E46EFF37F
:108E9000058565B15849594A59486F2307F0A0FB29
:108EA000584807F09DFB55486F2107F090FBEFF302
:108EB0001188102383F31288BFF36F8F524801F09B
:108EC000C1FE60B9514A52494D48882307F088FBDA
:108ED0004D49504807F084FB88214C48E5E74A4853
:108EE00001F0D4FEE3684C4A9BB1A06891688842C7
:108EF00029D057EA06032ED1434801F0B1FEA0B1B4
:108F000088F31188BFF36F8F6FF00F0002B0BDE8D8
:108F1000F081916891F90E103B4821610133E360C3
:108F20009368A36001F09CFE78B9384A3B49344805
:108F300040F2311307F054FB3349394807F050FB36
:108F400040F23111C9E72169E6E788F31188BFF3E0
:108F50006F8F0020DAE791F90E1090F90E309942E8
:108F6000A8BF19466FF07E029142B8BF11468B42EE
:108F700002DD08F079FC0546CDE90076224822465C
:108F8000414601F01FF80028E3D0EFF311861023CB
:108F900083F31288BFF36F8F1B4801F053FE002844
:108FA00090D0194801F072FEA068C0B12368216911
:108FB0009C420AD04BB193F90E309942A8BF194692
:108FC0006FF07E039942B8BF194608F04DFC30B1EE
:108FD0000D48314601F060F96FF00A0096E7002D68
:108FE000F6D1094801F03CFE00289ED086F3118896
:108FF000BFF36F8FF0E700BF414E01081F4E01081D
:10900000C42A0108534E010800130020654B0108D3
:10901000924B0108A74B0108880C0020BD4B0108AA
:10902000D44B010870B50446EFF3058666B13949A3
:10903000394A3A48D72307F0D3FA394807F0D0FA2B
:10904000D721354807F0C3FA8368002B5BD0354A37
:10905000926893425AD1C3683BB933492E4A2F488C
:10906000EF2307F0BDFAEF21EBE7012B03D0013B23
:10907000C360002070BDEFF31185102383F31288C5
:10908000BFF36F8F294801F0DDFD60B9284A2949F7
:109090002248882307F0A4FA2449274807F0A0FAB9
:1090A00088212348CEE7214801F0F0FD2169A0681E
:1090B00008F0DAFB204601F00BF8A06058B190F9F7
:1090C0000E202261C0F8BC6000F08EFE17482946D1
:1090D00001F0E2F8CDE7E060144801F0C1FD68B9A5
:1090E000134A16490D4840F2311307F079FA0F4937
:1090F000134807F075FA40F23111D2E785F3118871
:10910000BFF36F8FB5E76FF01500B3E74FF0FF3097
:10911000B0E700BF414E01081F4E0108C42A0108F4
:10912000534E0108880C0020784E010800130020DF
:10913000654B0108924B0108A74B0108BD4B010884
:10914000D44B010838B50446EFF31185102383F39F
:109150001288BFF36F8F204801F074FD68B91F4A71
:109160001F492048882307F03BFA1B491E4807F097
:1091700037FA8821194807F02AFA174801F086FDC6
:10918000204600F0A5FF50B10022C0F8BC2000F03E
:109190002BFE29461048BDE8384001F07DB8D4E9DF
:1091A00002329A4218BF01330B48A36001F058FD08
:1091B00068B90A4A0D490B4840F2311307F010FA1A
:1091C00005490B4807F00CFA40F23111D2E785F35C
:1091D0001188BFF36F8F38BD04130020654B010861
:1091E000924B0108C42A0108A74B0108BD4B010896
:1091F000D44B0108F7B5044616461D46EFF3058328
:109200007BB152EA05030CD02D492E4A2E48882303
:1092100007F0E6F92D4807F0E3F92A48882107F01E
:10922000D6F9EFF31187102383F31288BFF36F8F02
:10923000274801F007FD60B9264A274922488823BC
:1092400007F0CEF92249254807F0CAF988212148BC
:10925000E5E71F4801F01AFDA368D3B1013B1C48A4
:10926000A36001F0FDFC68B91A4A1D49164840F296
:10927000311307F0B5F916491A4807F0B1F940F271
:109280003111E4E787F31188BFF36F8F002003B03B
:10929000F0BD56EA05030BD10D4801F0E1FC0028B2
:1092A000E2D087F31188BFF36F8F6FF00F00EEE706
:1092B000CDE9006522463946054800F083FEE6E721
:1092C000AF4E01088F4E0108C42A0108FD4E010867
:1092D00004130020654B0108924B0108A74B0108BD
:1092E000BD4B0108D44B01082DE9F0436D4E6E4F84
:1092F00085B00546EFF31188102383F31288BFF37E
:109300006F8F304601F09EFC68B9684A6849694829
:10931000882307F065F96349674807F061F98821F8
:10932000624807F054F9304601F0B0FCD5F8C0406F
:10933000ACB9022105F1D80008F0B1FA002837D104
:10934000002302934FF0FF324FF0FF33CDE90023AB
:10935000414605F1C802304601F08AFBCAE7D5F85C
:10936000C4202368C5F8C030944208BFC5F8C43093
:10937000D5F8D83043F00203C5F8D830E368D4F804
:10938000049023F0040343F00103E360304601F04E
:1093900067FCB8B9454A4949464840F2311307F0DD
:1093A0001FF94049464807F01BF940F23111B7E771
:1093B00005F1D00400220121204601F0FBFA00282B
:1093C000F8D1BDE788F31188BFF36F8FB9F1000FB3
:1093D0000AD13C4937483C4A40F2AF2307F000F934
:1093E000394840F2AF219CE72046C847EFF3118887
:1093F000102383F31288BFF36F8F304601F022FCF5
:10940000002882D0304601F041FCE368D90623F001
:10941000010231D4E260E3689A0716D5386823F078
:109420000203E36088B10368002170B1426894428E
:1094300030D1036841BB7A683B60824200D17B60D7
:10944000002340F8083BFFF77DFED5F8D83023F025
:109450000203C5F8D8303046C3F3002401F000FC05
:10946000002897D088F31188BFF36F8F002C7FF40A
:1094700041AF01F0AFF83DE723F01103E36004F1E1
:109480001000FFF75FFEC6E70B607B68834208BFF2
:109490007960D5E723B11A68014618461346C4E738
:1094A0001A46F9E71013002008130020654B010845
:1094B000924B0108C42A0108A74B0108BD4B0108C3
:1094C000D44B0108564F0108004F0108F8B5C36896
:1094D0009A0704460F46C3F3400639D45B0725D4E8
:1094E0000B680BB983680B60E368DD0721D5A368BF
:1094F0005BB928492848294A4FF4AF7307F070F840
:1095000026484FF4AF7107F062F83B6002263D68D1
:10951000002D3CD0224B9B68AB420CD0D5F8D83004
:10952000D807C3F3800216D46FF0120600233B6005
:1095300027E00126EBE708F0D4F9D5F8D830002869
:10954000EED1D907C3F3C002EED552B15B0708D400
:109550006FF00F06EAE7002AFAD1C3F3C003002B2D
:10956000F6D100232360D5F8C43063B9C5E930448F
:10957000284608F09FF9E36843F00403E3603B6882
:10958000A3603046F8BD1C60C5F8C440F0E76FF03A
:109590001506CBE7214F0108C42A0108004F010836
:1095A000880C002038B50D46044648B90C490D4AD0
:1095B0000D48992307F014F899210A4807F007F895
:1095C00039B90A49074A08489A2307F009F89A2145
:1095D000F3E71022002102F00DFB656038BD00BFEB
:1095E0003C4F0108004F0108C42A0108564F0108EA
:1095F00037B50C46019059B92849294A29484FF4F2
:10960000C27306F0EDFF4FF4C271254806F0DFFF8C
:109610004B684BB92449224A224840F2851306F090
:10962000DFFF40F28511F0E7EFF31185102383F39C
:109630001288BFF36F8F1D4801F004FB60B91C4A0C
:109640001C491848882306F0CBFF18491A4806F031
:10965000C7FF88211648D9E7144801F017FB2046B8
:1096600001A9FFF733FF0446104801F0F9FA68B981
:109670000F4A12490B4840F2311306F0B1FF0B4973
:109680000F4806F0ADFF40F23111E3E785F3118892
:10969000BFF36F8F204603B030BD00BF3C4F0108C1
:1096A000004F0108C42A0108504F01081013002080
:1096B000654B0108924B0108A74B0108BD4B0108FF
:1096C000D44B01080146014808F0FBB8A80D002062
:1096D000F0B589B004460E9D58B92E492E4A2F4840
:1096E00040F2DF2306F07CFF40F2DF212A4806F03B
:1096F0006EFF49B92A49284A28484FF4387306F0C2
:109700006FFF4FF43871F1E7D0F8D80010F0010086
:1097100009D02449204A214840F2E12306F060FFA5
:1097200040F2E121E2E7C4E9300004F1C800C4E9F5
:10973000320004F1D000C4E934004DB32879002888
:1097400040F2011008BF0120C4F8D80000204FF0FB
:10975000FF364FF0FF37CDE90330CDE90100CDE909
:109760000667114B0094204600F006F955B12968B0
:1097700011B1204600F01AF86B791BB1237B43F03E
:1097800001032373204609B0BDE8F04008F0B1B8EA
:109790000120D9E76D4F0108004F0108C42A0108D4
:1097A000734F0108794F0108E992000810B504468B
:1097B00008B9054B9C681F2204F1840002F0CEFA20
:1097C000002084F8A30010BD880C00202DE9F04F84
:1097D00085B00446119DDDF838B0139F0F2D0E465D
:1097E000994659D158498B425AD1A573D51D25F0B8
:1097F000070504F168017F3525F03F05C4E91A111A
:1098000012992173002004213F2DC4E90600A060B5
:109810006173E07306F14003A5F1400A05D880F3B7
:109820001188BFF36F8F084602DF5246AA211846FF
:1098300002F0E0F94FF00008109BC4F8B080C4E9D2
:109840002A0A02930F9B3544CDE900B32A464B46C2
:1098500031462046FBF774FD0F9BA367109BC4F8AD
:109860006480C4E91C9BE367EFF31189102383F341
:109870001288BFF36F8F354801F0E4F918BB344A02
:1098800034493548882306F0ABFE3049334806F0AA
:10989000A7FE88212E4814E005F110011E29A4D945
:1098A0002F4A30492C4840F20D2306F099FE2E48ED
:1098B00029466FF00F030E2206F092FE284840F270
:1098C0000D2106F084FE294E204801F0DFF9B36A2D
:1098D0001E48C4F88030B46201F0C2F968B91C4A6D
:1098E00023491D4840F2311306F07AFE17492148FA
:1098F00006F076FE40F23111CCE789F31188BFF310
:109900006F8F7FB11F22394604F1840002F026FADE
:1099100084F8A380B36843B9C4F8B430284605B0CE
:10992000BDE8F08F84F88470F4E7D3F8B430C4F85D
:10993000B4301022002104F1300002F05BF9012361
:1099400084F83830EAE700BF3D8E00082413002079
:10995000654B0108924B0108C42A0108A74B010876
:10996000AD4F0108D04F010850500108880C00206D
:10997000BD4B0108D44B0108F0B587B0DDE9127684
:109980000446EFF3058575B119491A4A1A4840F2A1
:10999000972306F025FE194806F022FE154840F2EE
:1099A000972106F014FE0595109D04950F9D0395D3
:1099B0000E9D02950D9D01950C9D0095FFF706FFEC
:1099C000B6F1FF3F08BFB7F1FF3F05D056EA0703E6
:1099D00005D1204600F0A6FC204607B0F0BD08499E
:1099E0003A46334604F1180001F08CFAF4E700BF60
:1099F000414E0108AD4F0108C42A010881500108F9
:109A0000EB190108014B986801F08CBC880C002010
:109A100038B5144D2B4653F8204F9C4200D004B962
:109A2000EC68AB68A8B963B90F49104A1048C8235D
:109A300006F0D6FD0F4806F0D3FD0C48C82106F00D
:109A4000C6FD5A7BD20604D1A26912B9DA897F2AEF
:109A500005D89C4202D0204601F068F82346EB610D
:109A600038BD00BF880C0020D2500108A650010864
:109A7000C42A0108FD4E010808B590F90D20437B6A
:109A8000002A014611DA03F07F0343730B4B98421F
:109A900009D10B490B480C4A802306F0A1FD0A4866
:109AA000802106F094FD07F070FF084B9868431A78
:109AB00058425841BDE80840FFF7AABF080B0020F4
:109AC0001B510108C42A0108F9500108880C002024
:109AD00008B583685BB90A490A480B4A40F2362345
:109AE00006F07EFD084840F2362106F070FD07F0D2
:109AF0004CFF437B23F0020343730023836008BDC4
:109B00003C510108C42A0108F950010870B590F9C8
:109B10000D30427B002B38DBD30636D18369002B16
:109B200033D162F07F024273184A904209D118493A
:109B30001848194A792306F053FD1748792106F091
:109B400046FD16490A4652F8204F944218BF234654
:109B50004C6A23B9C0E90024206048620CE090F907
:109B60000E5093F90E60B5420BD0AE4209DD5A6833
:109B7000C0E9003210605860BDE870400020FFF777
:109B800047BFA342E6D01B68E3E770BD080B002087
:109B90001B510108C42A0108F9500108880C002053
:109BA0002DE9F843171E427B0E4614BF08211021F1
:109BB000114204460FD141EA0203D20928D143736E
:109BC000082937D00120FFF723FFBFF35F8F637BA6
:109BD00023F0600363734C4B9B68A3427BD1EFF38C
:109BE0000583002B77D1494801F03AF8002861D16C
:109BF000474A4849484840F26B1306F0F1FC434994
:109C0000464806F0EDFC40F26B11414806F0DFFCDF
:109C100003F07F034373424B984208D14149424AC3
:109C20003D48802306F0DCFC80213F48EEE707F04A
:109C3000ACFEC5E7A36813B12046FFF749FF04F166
:109C4000180001F025FAA56E04F16808A84511D0A6
:109C50004FF0000975B12846FFF73AFF05F11800EB
:109C600001F016FAC5F8BC902846FFF74FFFA56E25
:109C7000A845EFD1244DAB689C4206D00120FFF7E8
:109C8000C7FE204601F00AF89FE7EFF30583002B9B
:109C9000F4D00120FFF7BCFE204600F0FFFF234B6D
:109CA000AB6040F201129A810022C3E92A22C3F874
:109CB000B4208AE73046FBF76DFA17B31C491A4AFD
:109CC000154840F2ED1306F08BFC1A4806F088FCAC
:109CD00040F2ED11A9E70D4800F0C2FF68B90C4A47
:109CE0000C490D4840F2311306F07AFC07490B4845
:109CF00006F076FC40F2311187E786F31188BFF356
:109D00006F8FBDE8F88300BF880C0020141300207B
:109D1000654B0108BD4B0108C42A0108D44B01085A
:109D2000080B00201B510108F9500108C80C002045
:109D3000535101085E51010870B590F90D20437B25
:109D4000244C002A014610DA03F07F03A04243733B
:109D500009D12149214A2248802306F041FC802173
:109D60001E4806F034FC07F010FE4B7BA14263F066
:109D70007F034B7307D11849184A1948792306F015
:109D80002FFC7921ECE7174A1046546A50F8203F1F
:109D9000834208BF002323B9C1E900042160516256
:109DA0000CE091F90E5093F90E60B5420ED0AE4220
:109DB0000CDD5868C1E90030016059609068431AB1
:109DC0005842BDE870405841FFF722BE9C42E3D0A4
:109DD0001B68E0E7080B00201B510108F95001083F
:109DE000C42A0108880C002038B50446EFF3118519
:109DF000102383F31288BFF36F8F174800F022FF00
:109E000068B9164A16491748882306F0E9FB124933
:109E1000154806F0E5FB8821104806F0D8FB0E48EF
:109E200000F034FF2046FFF771FE0B4800F018FFEA
:109E300068B90A4A0D490B4840F2311306F0D0FBCD
:109E400005490B4806F0CCFB40F23111E4E785F3FD
:109E50001188BFF36F8F38BD14130020654B0108C4
:109E6000924B0108C42A0108A74B0108BD4B010809
:109E7000D44B010838B50446183001F009F9EFF366
:109E80001185102383F31288BFF36F8F1A4800F0F7
:109E9000D9FE68B9194A1A491A48882306F0A0FB66
:109EA0001549194806F09CFB8821144806F08FFBE1
:109EB000114800F0EBFE627B12F0100216D00E4843
:109EC00000F0CEFE68B90D4A10490E4840F2311339
:109ED00006F086FB08490E4806F082FB40F231117D
:109EE000E3E785F31188BFF36F8F38BD294620461D
:109EF000BDE83840FFF754BE14130020654B01083D
:109F0000924B0108C42A0108A74B0108BD4B010868
:109F1000D44B010870B504460D46EFF311861023AB
:109F200083F31288BFF36F8F1F4800F08BFE68B970
:109F30001E4A1F491F48882306F052FB1A491E4833
:109F400006F04EFB8821194806F041FB164800F048
:109F50009DFE637B13F0280F0CD1A36813B120463C
:109F6000FFF7B6FD637BBDB903F0FB0363732046C7
:109F7000FFF7CCFD0C4800F073FE80B90B4A0F4987
:109F80000C4840F2311306F02BFB07490C4806F051
:109F900027FB40F23111D6E703F0EB03E6E786F347
:109FA0001188BFF36F8F70BD14130020654B01083B
:109FB000924B0108C42A0108A74B0108BD4B0108B8
:109FC000D44B01082DE9F047DFF8D4A0354D364BCE
:109FD0001746A842DAF808201A60DDE90898044616
:109FE0000E460BD131493248324A40F2AB2306F0DB
:109FF000F7FA304840F2AB2106F0E9FAEFF31183AB
:10A00000102383F31288BFF36F8F284600F01AFEE7
:10A0100060B9294A29492648882306F0E1FA2946E9
:10A02000274806F0DDFA88212348E5E7284600F0B6
:10A030002DFEDAF808503946284607F0AEFCB8F194
:10A04000FF3F08BFB9F1FF3F06D01E494A464346CD
:10A0500005F1180000F056FF204600F001FE68B937
:10A060001949154A124840F26B1306F0B9FA214615
:10A07000164806F0B5FA40F26B11D5E7094800F032
:10A08000EFFD40B910490C4A094840F26B1306F045
:10A09000A7FA0449ECE73046BDE8F047FBF77AB889
:10A0A000880C002014130020181300208051010890
:10A0B000C42A0108F9500108654B0108924B0108B8
:10A0C000A74B0108EB190108BD4B0108D44B01084F
:10A0D00070B50546EFF31186102383F31288BFF3A2
:10A0E0006F8F1D4800F0AEFD68B91C4A1C491D4821
:10A0F000882306F075FA18491B4806F071FA882182
:10A10000164806F064FA144800F0C0FD2C68A54219
:10A1100019D034B12046FFF7DBFC04F1180000F041
:10A12000B7FF0D4800F09CFD78B90C4A0F490D4867
:10A1300040F2311306F054FA07490D4806F050FA80
:10A1400040F23111DCE70024EBE786F31188BFF31E
:10A150006F8F204670BD00BF14130020654B0108AF
:10A16000924B0108C42A0108A74B0108BD4B010806
:10A17000D44B01082DE9F04104460E46EFF3118857
:10A18000102383F31288BFF36F8F384800F05AFD15
:10A19000074660B9364A37493748882306F020FA1F
:10A1A0003249364806F01CFA8821314815E02F481C
:10A1B00000F06CFD637BDA0611D1A5697DB903F06F
:10A1C0007F0363732E4B9C421ED12E492A482E4A90
:10A1D000802306F005FA2C48802106F0F8F9A673D2
:10A1E0000027224800F03CFD002837D1204A2749AB
:10A1F000214840F2311306F0F3F91C49244806F0D7
:10A20000EFF940F23111D0E7204607F0BEFB637B47
:10A21000204A63F07F03637371B21346A17353F84E
:10A22000200F984218BF0546506A25B9C4E900308E
:10A23000046054620AE095F90E60B1420AD08E4281
:10A2400008DD6B68C4E900531C606C600120FFF7F7
:10A25000DFFBC6E7A842E9D02D68E6E788F311885E
:10A26000BFF36F8F3846BDE8F08100BF14130020A4
:10A27000654B0108924B0108C42A0108A74B01084D
:10A28000080B00201B510108F9500108BD4B0108C3
:10A29000D44B0108880C002070B504460D46F9B96E
:10A2A000EFF30586E6B91A4BDA699B689A4217D034
:10A2B00000F0D6FC78B9174A1749184840F26B13DA
:10A2C00006F08EF92146164806F08AF940F26B1125
:10A2D000104806F07CF93046BDE87040FAF75ABFE6
:10A2E000204600F0BDFC68B90A4A0B490B4840F211
:10A2F000311306F075F92146094806F071F940F26C
:10A300003111E5E785F31188BFF36F8F70BD00BF92
:10A31000880C0020654B0108BD4B0108C42A0108C8
:10A32000D44B010838B50446EFF31185102383F3AD
:10A330001288BFF36F8F1D4800F084FC68B91C4A77
:10A340001C491D48882306F04BF918491B4806F0A4
:10A3500047F98821164806F03AF9144800F096FCAF
:10A36000637B5A0716D4114800F07AFC68B9104A8A
:10A370001349114840F2311306F032F90B491148E4
:10A3800006F02EF940F23111E4E785F31188BFF3AE
:10A390006F8F38BD23F0040320466373FFF7B6FBCD
:10A3A00029460248BDE83840FFF776BF1413002065
:10A3B000654B0108924B0108C42A0108A74B01080C
:10A3C000BD4B0108D44B0108034648B9EFF30582A1
:10A3D00032B9064AD1699268914201D0FAF7DABEE1
:10A3E00083F31188BFF36F8F704700BF880C002084
:10A3F00010B5EFF31184102383F31288BFF36F8F2E
:10A40000264800F01FFC60B9254A264926488823C3
:10A4100006F0E6F82149254806F0E2F888212048B0
:10A4200010E01E4800F032FCEFF3058363B12049D1
:10A43000204A1D488B2306F0D3F81F4806F0D0F8B9
:10A440008B211C4806F0C3F81C4B9A68D37B012B68
:10A450000AD11B49174A14488C2306F0C1F8164844
:10A4600006F0BEF88C21ECE7013BD3730B4800F0FB
:10A47000F7FB68B90A4A13490B4840F2311306F05A
:10A48000AFF80649104806F0ABF840F23111C6E7C4
:10A4900084F31188BFF36F8F10BD00BF1413002029
:10A4A000654B0108924B0108C42A0108A74B01081B
:10A4B000414E0108B9510108FD4E0108880C0020E9
:10A4C000E4510108BD4B0108D44B010838B5EFF346
:10A4D0001185102484F31288BFF36F8F2D4800F08C
:10A4E000B1FB60B92C4A2D492D48882306F078F835
:10A4F00028492C4806F074F88821274813E025489D
:10A5000000F0C4FB284B9A68D37B73B92749284ACB
:10A5100023484FF4537306F063F8264806F060F8BA
:10A520004FF45371224806F052F8EFF3058060B102
:10A5300021491F4A1A4840F24D3306F051F81D4890
:10A5400006F04EF840F24D31ECE70133D373FFF7DC
:10A550005FFA104800F084FB68B90F4A17491048A9
:10A5600040F2311306F03CF80A49154806F038F875
:10A5700040F23111C1E785F31188BFF36F8FEFF31C
:10A58000118084F31288BFF36F8FBDE83840FFF766
:10A590001BBF00BF14130020654B0108924B01083C
:10A5A000C42A0108A74B0108880C00201552010895
:10A5B000F9500108FD4E0108414E0108BD4B01084C
:10A5C000D44B0108024B03F12002C3E90822704773
:10A5D000880C0020F8B5EFF305836BB14149424A7E
:10A5E000424840F25D4305F0FBFF414805F0F8FFAB
:10A5F00040F25D413C4816E0EFF31185102383F3F0
:10A600001288BFF36F8F3B4800F01CFB68B93A4AD1
:10A610003A493648882305F0E3FF3649384805F0C3
:10A62000DFFF8821344805F0D2FF3248354C00F076
:10A630002DFB35498868437BA04203F07F034373B9
:10A6400007D13249284A2948802305F0C9FF8021D3
:10A65000D0E707F09AF98B685A7BA34262F07F0239
:10A660005A7307D12949204A2048792305F0B8FFB9
:10A670007921BFE708464C6A50F8202F824208BF74
:10A68000002222B9C3E9000423604B620CE093F975
:10A690000E6092F90E70BE421BD0B74219DD5168B0
:10A6A000C3E900210B6053600120FFF7B1F91148A5
:10A6B00000F0D6FA88B9104A15490C4840F26B13DD
:10A6C00005F08EFF0B49134805F08AFF40F26B112D
:10A6D000A8E7A242D6D01268D3E72846BDE8F840E2
:10A6E000FAF758BD414E0108F9500108C42A010883
:10A6F000FD4E010814130020654B0108924B010820
:10A70000A74B0108080B0020880C00201B510108F2
:10A71000BD4B0108D44B01082DE9F04105460E461A
:10A72000EFF305836BB13F493F4A40484FF48F63D5
:10A7300005F056FF3E4805F053FF4FF48F613A484D
:10A7400024E050EA010303D1FFF744FF002067E053
:10A75000821C71F1FF331BDB07F04BF94419EFF357
:10A760001188102383F31288BFF36F8F314800F0F4
:10A7700069FA88B9304A31492C48882305F030FFFE
:10A780002C492F4805F02CFF88212B4805F01FFF8E
:10A790006FF00104241AE2E72A4F264800F076FA07
:10A7A000294BB8681860FFF767F9B86827492A4647
:10A7B0003346183000F0A6FBBA681E48537B43F0BE
:10A7C0001003537300F04CFA68B91B4A204917482C
:10A7D00040F26B1305F004FF16491E4805F000FF18
:10A7E00040F26B11D1E74046FAF7D4FCBB685B7BC3
:10A7F000DB060CD518490C4A0C4840F2944305F08E
:10A80000EFFE0B4805F0ECFE40F2944197E707F0AD
:10A81000F0F8201A63EB0303012873F1000395DBC2
:10A82000BDE8F081414E0108F9500108C42A010831
:10A83000FD4E010814130020654B0108924B0108DE
:10A84000A74B0108880C002018130020EB19010801
:10A85000BD4B0108D44B01084652010808B5EFF37F
:10A86000058373B11449154A154840F2A24305F017
:10A87000B7FE144805F0B4FE104840F2A24105F0BE
:10A88000A6FEB1F1FF3F08BFB0F1FF3F06D10E4B6E
:10A890009868FFF7EFFA4FF0FF3008BDFFF73CFF75
:10A8A000C11709304FF00A024FF0000341F10001D7
:10A8B000F6F71CFBF1E700BF414E0108F950010813
:10A8C000C42A0108FD4E0108880C0020014B98683D
:10A8D000704700BF880C002038B50446EFF311859F
:10A8E000102383F31288BFF36F8F284800F0AAF972
:10A8F00068B9274A27492848882305F071FE23496B
:10A90000264805F06DFE8821214805F060FE1F48AD
:10A9100000F0BCF9237BDA0724D51C4800F0A0F92D
:10A9200068B91B4A1E491C4840F2311305F058FE15
:10A9300016491C4805F054FE40F23111E4E785F356
:10A940001188BFF36F8F184A1849134840F2975384
:10A9500005F046FE1648214605F042FE124840F238
:10A960009751D2E7637B1B0709D5084800F078F9B7
:10A970000028D6D085F31188BFF36F8F38BD2946E4
:10A9800020460122BDE83840FFF70AB91413002021
:10A99000654B0108924B0108C42A0108A74B010826
:10A9A000BD4B0108D44B0108F95001084F2B010899
:10A9B000865201082DE9F843064688461746EFF30C
:10A9C0001189102383F31288BFF36F8F214800F0A1
:10A9D00039F9054668B9204A20492148882305F0FD
:10A9E000FFFD1C491F4805F0FBFD88211A4805F0B2
:10A9F000EEFD184800F04AF93468A6421FD004B3AF
:10AA00002046C4F8BC806761FFF762F804F11800C3
:10AA100000F03EFB2046FFF779F80E4800F020F9E1
:10AA200088B90D4A10490E4840F2311305F0D8FD9F
:10AA300008490E4805F0D4FD40F23111D6E7002553
:10AA4000EBE72546E9E789F31188BFF36F8F2846C6
:10AA5000BDE8F88314130020654B0108924B0108F0
:10AA6000C42A0108A74B0108BD4B0108D44B0108BB
:10AA7000D3B5DDE90667089CCDE90067FFF7A2FAC8
:10AA80001CB1034B9B685B69236002B0D0BD00BF63
:10AA9000880C002008B568B10F4B98420AD303F127
:10AAA0001802904206D2C01A1822B0FBF2F302FB41
:10AAB00013034BB109490A480A4A382305F090FDAF
:10AAC0000848382105F083FD074BC0105843074B59
:10AAD00001221A5408BD00BF880D0020CD52010884
:10AAE000C42A0108A5520108ABAAAAAA7013002023
:10AAF000C3897F2B12D80A4B1B6863B1094B90F9AD
:10AB00000E201B689A4209DB437BDB0606D1064B0D
:10AB1000C31A18BF012303F0010070470023FAE7AE
:10AB2000201300201C130020080B002070B50E4BD2
:10AB30000E4C1E7C06EB460304EBC3040546204680
:10AB400000F0A6FA0A4B002228469A55FFF7D0FFDC
:10AB500048B1084B08491A68013A2046D317BDE8A6
:10AB6000704000F0CFB970BD880C0020880D002027
:10AB7000701300202013002095AA000838B5EFF3C9
:10AB80001185102383F31288BFF36F8F234800F0E1
:10AB900059F868B9224A23492348882305F020FD43
:10ABA0001E49224805F01CFD88211D4805F00FFDB7
:10ABB0001A4800F06BF81E4B1E4A9C681068A042B1
:10ABC00013D1FFF7B3FF154800F04AF808BB144A49
:10ABD0001949154840F2311305F002FD0F49174895
:10ABE00005F0FEFC40F23111DFE700211B7C116013
:10ABF000134AD35C002BE6D02046FFF779FF0028EC
:10AC0000E1D0637BDB0602D12046FFF795F82046B2
:10AC1000D7E785F31188BFF36F8F38BD1413002079
:10AC2000654B0108924B0108C42A0108A74B010893
:10AC3000880C002018130020BD4B0108D44B0108DC
:10AC400070130020006838B1044B1B7C00F0030037
:10AC5000C01A18BF0120704701207047880C0020DF
:10AC6000002302680360EFF30581074B19B199686F
:10AC7000497BC90706D4197C98680843831A58424F
:10AC80005841704701207047880C0020024B1A7C05
:10AC90009B68134303607047880C002038B5044656
:10ACA000EFF31185102383F31288BFF36F8F1F48D2
:10ACB000FFF7C8FF68B91E4A1E491F48882305F0E0
:10ACC0008FFC1A491D4805F08BFC8821184805F0B7
:10ACD0007EFC1648FFF7DAFF194A936AA34215D1A2
:10ACE000D3F8803093621148FFF7BAFFC8B9104A11
:10ACF0001449114840F2311305F072FC0B49124817
:10AD000005F06EFC40F23111E0E71346002BEAD06B
:10AD1000D3F88020A242F8D1D4F88020C3F8802054
:10AD2000E1E785F31188BFF36F8F38BD241300204E
:10AD3000654B0108924B0108C42A0108A74B010882
:10AD4000880C0020BD4B0108D44B01082DE9F843C5
:10AD50008846064660B93049304A3148452305F0F7
:10AD60003FFC304805F03CFC2C48452105F02FFC09
:10AD7000EFF31184102787F31288BFF36F8F2A48EF
:10AD8000FFF760FF60B9294A29492548882305F063
:10AD900027FC2549274805F023FC88212348E5E7BF
:10ADA0002148DFF88490FFF771FF234B9D6A4DB96E
:10ADB0001D48FFF755FF48B184F31188BFF36F8F2B
:10ADC000BDE8F8834846FFF74BFF68B9174A1B49AF
:10ADD000134840F2311305F003FC1349184805F0FD
:10ADE000FFFB40F23111D9E784F31188BFF36F8F75
:10ADF00041462846B047EFF3118487F31288BFF32A
:10AE00006F8F4846FFF71EFF0028BCD04846FFF76B
:10AE10003DFFD5F88050CAE7A95401087E540108C7
:10AE2000C42A0108C054010824130020654B0108FE
:10AE3000924B0108A74B0108880C0020BD4B01086C
:10AE4000D44B010808B50648064A0749121A06F00D
:10AE500002FDBDE80840054A0549064806F0FBBC6E
:10AE600000000020B40800208C55010800000000FC
:10AE70008C55010800000020034B1B680BB9FDF73F
:10AE8000C7BB0020704700BF2813002030B570B149
:10AE90000B4B5B6898420AD0036843B1D3E90421A5
:10AEA000D0E90445121941EB0501C3E90421D0E9B9
:10AEB000003213605A600023C0E9003330BD00BF88
:10AEC000D806002010B50E4B1C689C4204D1FFF739
:10AED000D3FF6FF0004010BDFFF7CEFF002CF8D07D
:10AEE000D4E904321B1A62EBE072B3F1004F72F145
:10AEF0000001EEDA002AACBF18460020EBE700BFE5
:10AF0000D8060020B3F1FF3F08BFB2F1FF3F2DE9A3
:10AF1000F047044692461D4600F09D80066866B1E3
:10AF20004E494F4A4F486E2305F05AFB4E4805F0F4
:10AF300057FB4B486E2105F04AFB8160EFF3118708
:10AF4000102383F31288BFF36F8F4848FFF77AFE10
:10AF500060B9474A47494348882305F041FB4349C4
:10AF6000454805F03DFB88214148E4E73F48FFF7AD
:10AF70008DFEBAF1FF3F75F1FF3323DA3F49D1E986
:10AF800000206FF001039B1A4FF0FF3262EB0000CC
:10AF9000B3EB0A0360EB0500012B70F1000201DA4C
:10AFA00001233046C4E90430354B1A68D3F804C095
:10AFB0009A4218BF164686B9C4E9003CCCF8004056
:10AFC0005C601CE0FFF758FF1AF1010845F100052D
:10AFD00018EB000345EBE070E4E7D6E90415D4E98B
:10AFE00004208A4270EB050E28DA891A726865EB34
:10AFF0000005C6E90415C4E90062146074601A68AB
:10B000009A4209D0944207D11E4B1C6824B9FFF71D
:10B0100059FF2146FDF74AFA1448FFF721FEB0B95F
:10B02000134A19490F4840F2311305F0D9FA0F4974
:10B03000164805F0D5FA40F2311195E7521A60EB47
:10B0400005006645C4E90420B6D03668B3E787F347
:10B050001188BFF36F8FBDE8F08700BFFE54010871
:10B06000DA540108C42A0108FD4E01082C130020FF
:10B07000654B0108924B0108A74B0108A00D002069
:10B08000D806002028130020BD4B0108D44B01082E
:10B0900038B50446EFF31185102383F31288BFF30C
:10B0A0006F8F1B48FFF7CEFD68B91A4A1A491B4833
:10B0B000882305F095FA1649194805F091FA882178
:10B0C000144805F084FA1248FFF7E0FD2368ABB19D
:10B0D0002046FFF7DBFE00240D48FFF7C1FD80B9D5
:10B0E0000C4A10490D4840F2311305F079FA08492D
:10B0F0000D4805F075FA40F23111E1E76FF01504E3
:10B10000EAE785F31188BFF36F8F204638BD00BF93
:10B110002C130020654B0108924B0108C42A01083A
:10B12000A74B0108BD4B0108D44B01082DE9F84F8E
:10B130000446EFF31188102383F31288BFF36F8F57
:10B140004748FFF77FFD68B9464A47494748882383
:10B1500005F046FA4249464805F042FA882141483E
:10B1600005F035FADFF80C91DFF80CB13C48DFF858
:10B170000CA1FFF78BFDCBF80040D9F8004000266A
:10B180004C4508BF00240027DAE90021DBF8003035
:10B19000002C4AD0D4E904504FEAE37CAB427CEB6C
:10B1A000000E05DAED1A60EB0C00C4E904503CE037
:10B1B000AA1841EBE5712046C4E90467CAE90021F9
:10B1C000FFF764FE2648FFF74BFD68B9254A2C4976
:10B1D000264840F2311305F003FA2149294805F0C9
:10B1E000FFF940F23111BAE788F31188BFF36F8F8E
:10B1F000A36820469847EFF31188102383F3128841
:10B20000BFF36F8F1648FFF71DFD00289CD0144830
:10B21000FFF73CFDDBF80030D9F800405B1B4C45E4
:10B22000CBF80030B0D1DAE900219A1841EBE37194
:10B230000024CAE90021CBF80040FFF743FE214675
:10B24000FDF734F90648FFF70BFD0028BED088F360
:10B250001188BFF36F8FBDE8F84FFFF78FBC00BFB9
:10B260002C130020654B0108924B0108C42A0108E9
:10B27000A74B0108D806002028130020A00D0020AD
:10B28000BD4B0108D44B010870B5EFF311861023B4
:10B2900083F31288BFF36F8F1A48FFF7D3FC68B9A6
:10B2A000194A1A491A48882305F09AF91549194884
:10B2B00005F096F98821144805F089F91148FFF73F
:10B2C000E5FCFFF7D9FD144AD2E90045041945EB26
:10B2D000E0750C48FFF7C4FC68B90B4A0F490C48ED
:10B2E00040F2311305F07CF906490D4805F078F974
:10B2F00040F23111DFE786F31188BFF36F8F2046EC
:10B30000294670BD2C130020654B0108924B0108A3
:10B31000C42A0108A74B0108A00D0020BD4B01085D
:10B32000D44B010808B5FDF7C5F9034B012838BF18
:10B330000120586108BD00BF880C002070B5EFF3F4
:10B340001186102383F31288BFF36F8F2348FFF712
:10B3500079FC68B9224A23492348882305F040F93B
:10B360001E49224805F03CF988211D4805F02FF9B7
:10B370001F4D1A48FFF78AFC6C69ACB1FDF79AF9CA
:10B38000AB6893F8382001282CBFC4EB0001C4F14E
:10B39000010132B1D3E90C20521840F10000C3E999
:10B3A0000C20134806F02BFB00230C486B61FFF7C1
:10B3B00057FC68B90A4A0F490B4840F2311305F0AF
:10B3C0000FF906490C4805F00BF940F23111CCE7B2
:10B3D00086F31188BFF36F8F70BD00BF301300205C
:10B3E000654B0108924B0108C42A0108A74B0108CC
:10B3F000880C0020BD4B0108D44B01082DE9F04119
:10B4000006460C46EFF31187102383F31288BFF32F
:10B410006F8F2E48FFF716FC68B92D4A2D492E482C
:10B42000882305F0DDF829492C4805F0D9F8882152
:10B43000274805F0CCF82548294DFFF727FCC6EB37
:10B44000C6039B0017D1FDF735F9AB68696993F81E
:10B450003820012838BF01208046411A32B1D3E993
:10B460000C20521840F10000C3E90C201C4806F0E3
:10B47000C6FAC5F81480AA69D2E900321C21C4E9D1
:10B48000023201FB0655E868D0E90C105B1842EB6C
:10B490000002C4E90410C4E900320C48FFF7E0FBE5
:10B4A00068B90B4A0F490C4840F2311305F098F87F
:10B4B00006490D4805F094F840F23111B8E787F3DA
:10B4C0001188BFF36F8FBDE8F08100BF30130020FB
:10B4D000654B0108924B0108C42A0108A74B0108DB
:10B4E000880C0020BD4B0108D44B01082DE9F04128
:10B4F00004460D46EFF31187102383F31288BFF340
:10B500006F8F2A48FFF79EFB68B9294A29492A48C4
:10B51000882305F065F82549284805F061F8882159
:10B52000234805F054F8DFF898802048FFF7AEFB79
:10B53000D8F80830A34217D1FDF7BCF8D8F814109A
:10B5400094F83830012838BF01200646411A33B13B
:10B55000D4E90C325B1842F10002C4E90C321848FD
:10B5600006F04DFAC8F81460D4E90C23C5E90023AD
:10B57000C5E9022300220023C5E904230B48FFF795
:10B580006FFB68B90A4A0F490B4840F2311305F0C6
:10B5900027F806490C4805F023F840F23111BFE7BF
:10B5A00087F31188BFF36F8FBDE8F081301300205F
:10B5B000654B0108924B0108C42A0108A74B0108FA
:10B5C000880C0020BD4B0108D44B0108014804F051
:10B5D00094BF00BF1E55010838B50D4C0D4DAC424F
:10B5E00013D90D490D4A0E48192304F0F9FF0D48EF
:10B5F00004F0F6FF0948192104F0E9FFD4E901122B
:10B60000204606F00CFA1834E9E7F7D3002038BDDD
:10B610008C0800208C080020685501084655010858
:10B62000C42A0108AD3101081FB5094A92E8030098
:10B6300002AB83E803004FF480620093054906489B
:10B640004FF0FF33FEF744F8002005B05DF804FB2F
:10B650008820010840360020A80D0020024B01463A
:10B66000186800F00BB800BFE8060020024B014646
:10B67000186802F0A7B900BFE80600202DE9F04FD6
:10B6800001F10B05162D83B0064624D8102900F2CF
:10B69000B08000F001FB102518224FF0020CBC4FC7
:10B6A0003A44A2F1080354689C4200F00B8163689D
:10B6B000E268A16823F003032344CA6091605A68DA
:10B6C00042F0010230465A60083400F0EBFA20469E
:10B6D00003B0BDE8F08F35F0070500F18A80A9427C
:10B6E00000F2878000F0D8FAB5F5FC7FC0F05881F1
:10B6F0006B0A00F08280042B00F20B81AB0903F18E
:10B70000390C03F138044FEACC03A14F3B44A3F1B9
:10B7100008005B68984206D10CE0002980F2C080E6
:10B72000DB68984206D05A6822F00302511B0F29A9
:10B73000F3DDA446DFF85C823C69444500F09D805F
:10B74000636823F00309A9EB05030F2B00F32D8198
:10B75000002BC7E9048880F20E81B9F5007FD7F885
:10B7600004E080F0B6804FEAD90101314FEA59195F
:10B77000012303FA09F357F83120A2604EEA030EC1
:10B7800007EBC103083BE360C7F804E047F831402A
:10B79000D4604FEAAC0301209840704533D810EADA
:10B7A0000E0F07D12CF0030C400010EA0E0F0CF125
:10B7B000040CF9D007EBCC0A5346E146D9680EE0F9
:10B7C0004A6822F00302A2EB050EBEF10F0F0C46F1
:10B7D000C96800F3AC80BEF1000F80F2BF808B42DD
:10B7E000EED109F1010919F0030F03F10803E5D1C6
:10B7F00023E10C233360002469E74FF400734FF01A
:10B80000400C3F2481E7BC68636823F00308A84527
:10B8100003D3A8EB05030F2B32DC5F4B1A685F4B99
:10B82000196801312A4404EB080A00F06B8102F523
:10B8300080520F3222F47F6222F00F02114630460E
:10B84000009200F035FAB0F1FF3F009A534B814669
:10B8500005D0824540F2C480BC4200F00481BC683F
:10B86000626822F00302AA42A2EB050301D30F2B68
:10B8700006DC304600F016FABDE7D7F804E088E7AA
:10B88000621943F0010345F0010565603046BA6076
:10B89000536000F007FA0834204603B0BDE8F08F8B
:10B8A000D3E902411A44E1608C60516841F0010122
:10B8B0003046516003F1080400F0F4F9204603B06B
:10B8C000BDE8F08FD468A2427FF4F1AE0CF1020C17
:10B8D00030E7B9F5206F4FEA59227AD3142A00F2E3
:10B8E0002D8102F15C03DB005B32F918FB5808394B
:10B8F000994203D108E19B68994204D05A6822F02A
:10B9000003024A45F7D8D968C4E902318C60DC608B
:10B910003FE7142B40F28580542B00F218812B0B4B
:10B9200003F16F0C03F16E044FEACC03EDE63046F1
:10B93000A668631945F001056560F1608E604EF000
:10B940000101C7E90433C3F80880C3F80C805960CB
:10B9500044F802E000F0A6F90834B8E62244304684
:10B96000536843F00103536054F8083FD9608B607B
:10B9700000F098F9ABE6A1443046D9F8043043F022
:10B980000103C9F80430083400F08CF99FE600BFC9
:10B99000000000200800002064130020E0060020C2
:10B9A0004FEAD50C05F1080279E6621943F001016E
:10B9B00045F0010565603046C7E90422C2F80880F9
:10B9C000C2F80C80516044F8093000F06BF908347B
:10B9D0007DE64FEA991202F13903DB00383284E741
:10B9E000DFF804B2DBF800101144CBF80010084671
:10B9F00040D1C9F30B0CBCF1000F3BD1D7F8089034
:10BA0000424442F00102C9F80420784B1868884289
:10BA100038BF1960764B1868884238BF19604C46A9
:10BA20001FE703F15C0C03F15B044FEACC036CE607
:10BA30005AF80839534540F0D5801CF0030F0CF13B
:10BA4000FF3CF5D17B6823EA00037B60400098420D
:10BA50003FF6D9AE18B9D6E6400009F104091842FC
:10BA6000FAD0CC46A6E6DFF880B1DBF8000010443F
:10BA7000CBF80000196801311BBFA9EB0A031B18A2
:10BA8000C3F80090CBF8003019F0070345D0C3F19C
:10BA900008018944C3F580514A440831891AC1F329
:10BAA0000B0A514630460193009200F001F9421C06
:10BAB000DDE900237AD0A0EB090000EB0A02DBF8F5
:10BAC0000030C7F8089042F001020AEB0301BC42C3
:10BAD000C9F80420CBF8001097D0B8F10F0F41D966
:10BAE0006268A8F10C0323F0070302F001021A4375
:10BAF0006260E21805200F2B506090604CD8D9F896
:10BB0000042082E7103299E69210012000FA02F236
:10BB10004EEA020EC7F804E0F6E609EB02014942DC
:10BB2000C1F30B0A514630460193009200F0C0F871
:10BB3000431CDDE90023BED19A46C0E7542A15D83C
:10BB40004FEA193202F16F03DB006E32CDE6B3F536
:10BB5000AA7F15D8EB0B03F1780C03F177044FEAB9
:10BB6000CC03D2E50123C9F8043082E6B2F5AA7FFE
:10BB700023D84FEAD93202F17803DB007732B4E6FA
:10BB800040F25452934223D8AB0C03F17D0C03F1E5
:10BB90007C044FEACC03B8E504F10801304601F01B
:10BBA00011FFD7F80890DBF80010A8E7083B1A440B
:10BBB000A2EB09024FF0000A81E740F254539A4287
:10BBC0000CD84FEA994202F17D03DB007C328CE60F
:10BBD0004FF47E734FF07F0C7E2496E54FF47E7316
:10BBE0007E2282E67B6831E7341300206013002058
:10BBF0005C130020830730B547D0541E002A3ED086
:10BC0000CAB2034601E0013C39D303F8012B9D077A
:10BC1000F9D1032C2CD9CDB205EB05250F2C05EB62
:10BC2000054535D9A4F1100222F00F0C03F1100ED6
:10BC3000E6444FEA121C1A46156055609560D560BF
:10BC400010327245F8D10CF1010214F00C0F03EB25
:10BC5000021204F00F0C13D0ACF1040323F0030321
:10BC60000433134442F8045B9A42FBD10CF0030402
:10BC70002CB1C9B21C4403F8011B9C42FBD130BD5E
:10BC800064461346002CF4D1F9E703461446C0E796
:10BC90001A46A446E0E700BF0148F9F78DBE00BF91
:10BCA0008C0800200148F9F7A3BE00BF8C080020D3
:10BCB00038B5074D0022044608462A60F9F720FEF1
:10BCC000431C00D038BD2B68002BFBD0236038BD4F
:10BCD000681300200CB410B51F4B00291C689CB0E1
:10BCE00035DB4FF40273ADF81430029006901FABB1
:10BCF00018D001394FF6FF7204910791ADF8162064
:10BD000002A91E9A0193204600F06EF8421C01DA47
:10BD10008B232360029B00221A701CB0BDE81040E8
:10BD200002B070474FF6FF7204910791ADF81620EC
:10BD300002A91E9A0193204600F056F8431C01DA2E
:10BD40008B2323601CB0BDE8104002B070478B23EA
:10BD500023604FF0FF30F5E7E806002040EA0103DA
:10BD60009B0710B501D1032A17D8844601F1FF3E85
:10BD700007E01EF8011F03F8011B541E29B19C4661
:10BD800022466346002AF4D110BD9444002CFBD017
:10BD900003F8011B6345FBD110BD8E468446DEF8D7
:10BDA0000040A4F1013323EA040313F0803F7146FD
:10BDB0000EF1040EDAD1043A032A4CF8044BEED803
:10BDC0007146D3E771B1034600EB010C01E0634516
:10BDD00006D01A46013311780029F8D1101A70479D
:10BDE000181A7047084670472DE9F04FD9B00C4635
:10BDF000CDE90C0192460F9301F0E2FE0368179320
:10BE00001846F4F7FDF9A38916901D0603D523699A
:10BE1000002B00F081870023CDE92D33CDE91933C4
:10BE2000CDE91B33129318930B9300240023CDF814
:10BE300020A0CDE91434089B1B782FAA2C9293469E
:10BE4000002B00F0E481DDF820A004E01AF8013FA7
:10BE5000002B00F01C81252BF8D1089BBAEB0305C1
:10BE600040F01A819AF80030002B00F0D0810023B6
:10BE70009AF801508DF893300A930AF1010A4FF0B5
:10BE8000FF3907930AF1010AA5F120035A2B00F2AA
:10BE90003481DFE813F09B02320132019402320157
:10BEA000320132016A00320132015C026E0232015B
:10BEB00067027B02320174025B005B005B005B0087
:10BEC0005B005B005B005B005B0032013201320112
:10BED0003201320132013201C80132012A028700E7
:10BEE000C801C801C8013201320132013201B80271
:10BEF00032013201B5003201320132013402320125
:10BF0000A60232013201F806320132013201320159
:10BF10003201320132013201C80132012A028B00A2
:10BF2000C801C801C801E8028B0080003201DE02AE
:10BF30003201D002B900BF028000320134027D001C
:10BF40001C07320132011F0732017D00A5F13003C9
:10BF500000221AF8015B02EB820203EB4202A5F118
:10BF60003003092BF5D90A928EE70C9D284601F083
:10BF700027FE43681B931846F4F742F91C900446C9
:10BF8000284601F01DFE83681993002C40F06B8653
:10BF90009AF8005076E7079B9AF8005043F0200388
:10BFA00007936FE7079B43F010030793079B9C06DB
:10BFB00040F18A810F9B073323F007031A46596823
:10BFC00052F8083B0F920A460029C0F2B185B9F138
:10BFD000FF3F00F0EB87079921F0800653EA02014A
:10BFE00000F050850A2B72F1000180F07387303326
:10BFF0008DF85F310DF25F1307960893012634E048
:10C00000079B43F010030793079B13F0200200F0F7
:10C010004A810F9B073323F0070319465A6851F8EA
:10C02000083B0F91079921F4806600210020B9F1A7
:10C03000FF3F8DF8930000F0898226F08000079082
:10C0400053EA020040F08182B9F1000F40F0B78757
:10C05000002940F01C8516F001061BBF30238DF827
:10C060005F3158AB0DF25F1308930023B145CDE962
:10C07000103349469DF893200E93B8BF314609917D
:10C080001393002A4BD0099B0133099347E0089B87
:10C09000BAEB030500F0BB80089B2E9FCBE900356F
:10C0A0002D9B01332F44072B2E972D9305DC0BF18D
:10C0B000080B0B9B2B440B93D4E6DDE90C012CAA57
:10C0C00002F072F980B90DF1BC0BF2E7DDE90C0169
:10C0D0002CAA02F069F9002800F088800E9B1BB1A1
:10C0E0000E990C9801F06EFC0D9B9B89590601F18D
:10C0F000D8820B9859B0BDE8F08F002D00F08780F2
:10C1000000228DF8FC508DF893200123CDE91022F8
:10C1100009931E463FAB0E92914613920893079BDC
:10C1200013F0020302D0099902310991079911F025
:10C13000840405D1DDE909010F1A002F00F33E83C5
:10C140002E9F8AB12D9A0DF1930101320137CBF860
:10C150000010072A4FF001012E972D92CBF8041002
:10C1600000F384830BF1080B83B12D9B25AA0133C7
:10C170000237CBF80020072B4FF002022E972D93A9
:10C18000CBF8042000F380830BF1080B802C00F027
:10C19000F981A9EB0608B8F1000F00F33F82079B75
:10C1A000DA0500F16A81089BCBF800302D9BCBF8B3
:10C1B00004600133F519072B2E952D9300F3A78208
:10C1C0000BF1080B079B580705D5DDE909239C1ADD
:10C1D000002C00F36B83DDE90A2309998A42ACBF86
:10C1E0009B185B180B93002D7FF470AF00232D93E9
:10C1F0000E9B1BB10E990C9801F0E4FB0DF1BC0BEA
:10C20000CDF820A0089B1B78002B7FF41CAE2E9B42
:10C21000002B3FF469AF0D9C0C982CAA214602F02C
:10C22000C3F8A38962E70F9B073323F00703F3E802
:10C2300002670F9327F000431F931E96DDE91E014E
:10C24000AE4B4FF0FF32CDE91467F4F78BFF0028B7
:10C2500040F0A084DDE91E01A84B4FF0FF32F4F757
:10C26000C9FE002840F0968400220023304639465B
:10C27000F4F7B6FE002840F05B879DF89320079BFB
:10C280009F4C23F0800307939E4B472DC8BF1C464D
:10C2900003210023CDE9103308940E9309910E4633
:10C2A00099461393EDE60F9951F8043B0F910799C6
:10C2B00011F010017FF4B6AE079A12F0400000F0C2
:10C2C00019879BB20A46ADE60F9A52F8043B0F92CB
:10C2D000079AD00600F15584079A510640F14D8423
:10C2E00043F3C03211461BB26EE60F9B002253F897
:10C2F000041B8DF893208DF8FC100F9305E70F9F1A
:10C3000057F8043B089300268DF89360002B00F04B
:10C310009E86B9F1FF3F00F00E8508984A463146E7
:10C32000F3F7DEFF0E90002801F01D810E9B089AA6
:10C330000F97B1469E1A26EAE673CDE910999DF84B
:10C3400093200993CDF83890CDF84C9099E60F9B47
:10C3500053F8042B0A92002A80F20A840A9A0F9357
:10C3600052420A92079B9AF8005043F00403079345
:10C3700088E52B239AF800508DF8933082E5079BCF
:10C380009AF8005043F0800307937BE5524612F879
:10C39000015B2A2D01F01182A5F13003092B924691
:10C3A0004FF000093FF670AD1AF8015B09EB8909FF
:10C3B00003EB4909A5F13003092BF5D964E5079B87
:10C3C0009AF8005043F0010307935BE59DF8933022
:10C3D0009AF80050002B7FF455AD20238DF8933050
:10C3E00050E5079B43F0100616F0200200F0898309
:10C3F0000F9B073323F0070319465A6851F8083B8F
:10C400000F91012112E6079B9AF8005043F00803B0
:10C41000079337E50F9A079B43F0020652F8043B57
:10C420000F9247F63002ADF89420374A1892022155
:10C4300000227825FAE5079B9E0640F102840F9BB7
:10C440000B9A1B681A60D2175A600F9B04330F9324
:10C45000D6E69AF80050079B6C2D00F0548443F008
:10C46000100307930EE59AF80050079B682D00F023
:10C47000418443F04003079304E5652D40F3538165
:10C48000DDE9140100220023F4F7A0FD002800F0EC
:10C4900049822D9B1D4ACBF8002001330137012230
:10C4A000072B2E972D93CBF8042000F38E850BF1EC
:10C4B000080B269B129A934204DB079BDB0701D4EF
:10C4C0003D467FE6169B179ADD19CBE900232D9B8D
:10C4D0002E950133072B2D9300F3FF830BF1080BEF
:10C4E000129B5C1E002C7FF76DAE102C2D9B084F0D
:10C4F00040F37885DDE90C89102611E0FFFFEF7F1E
:10C50000C4270108C8270108D42701080428010806
:10C51000082801080BF1080B103C102C40F3628531
:10C5200001331035072BCBE90076CDE92D35F1DD50
:10C530002CAA4946404601F037FF00287FF4CEADD3
:10C54000DDE92D350DF1BC0BE6E7079E01293FF42F
:10C5500049AD022900F0768158AC03F00701DB08F1
:10C5600043EA4273D208303153EA0207204604F806
:10C57000011DF2D1F707089400F1768258AB0796B7
:10C580001E1B72E5DDE90923A3EB0208B8F1000FD9
:10C590007FF7FFADB8F1100F3A462D9BC04F29DD54
:10C5A0001D9520961024DDE90C65194606E0A8F1DA
:10C5B0001008B8F1100F0BF1080B18DD0131103223
:10C5C0000729CBE90074CDE92D12F0DD2CAA29460C
:10C5D00030460DF1BC0B01F0E7FE00287FF47EAD84
:10C5E000A8F11008B8F1100FDDE92D12E6DC1D9D51
:10C5F000209E0B460133CBF80070072B08EB020797
:10C60000CDE92D37CBF8048000F30E85A9EB0608A1
:10C61000B8F1000F0BF1080B7FF7C1ADB8F1100FA7
:10C620003A462D9B9E4F2EDD59460C9CC3464FF03B
:10C630001009B84637462E460D9D06E0ABF1100BAB
:10C64000BBF1100F01F1080118DD013394481032DD
:10C65000072BC1E90009CDE92D32EFDD2CAA2946CF
:10C66000204601F0A1FE00287FF438ADABF1100B9D
:10C67000BBF1100FDDE92D322FA9E6DC35463E4631
:10C680004746D8468B460133CBF80070072B08EBA2
:10C690000207CDE92D37CBF8048000F325820BF19A
:10C6A000080B7CE52D9B7F49CBF8001001337D1CE6
:10C6B0000121072B2E952D93CBF8041000F34A850A
:10C6C0000BF1080B002A40F0E084079B129A03F05C
:10C6D000010313433FF476AD169B179A5919CBE922
:10C6E00000232D9B2E910133072B2D9300F3EF8513
:10C6F0000BF1080B089ACBF80020129ACBF8042013
:10C7000001335518072BCDE92D357FF759ADDDE9FC
:10C710000C012CAA01F048FE00287FF4DFAC2E9D0E
:10C720000DF1BC0B4EE5129B012B0BF1080640F3FB
:10C730007A81089BCBF800302D9B01330137012211
:10C74000072B2E972D93CBF8042000F3F981169A2E
:10C7500003F10108179BD519B8F1070FC6E900329C
:10C76000CDE92D8500F3F8810836129BDDE914012F
:10C7700003F1FF3900220023F4F728FC002840F0E1
:10C780008B81089CC6F8049008F1010801344D44DF
:10C79000B8F1070FCDE92D85346000F359810836D3
:10C7A0001A9A726008F101031544072B28AACDE9F3
:10C7B0002D353260ABDC06F1080B03E5102FDDE907
:10C7C0002D21DFF8E4802DDD1D934346CDE9204582
:10C7D000B046DDE90C451E4604E0103F102F0BF17A
:10C7E000080B19DD013210311023072ACDE92D2164
:10C7F000CBF80060CBF80430EFDD2CAA29462046A8
:10C800000DF1BC0B01F0D0FD00287FF467AC103FA8
:10C81000102FDDE92D21E5DCDDE9204530461D9BAB
:10C820004646804601323944072ACBF80080CBF8CF
:10C8300004702E912D9200F3A9839DF893200BF1A3
:10C84000080B7DE4189C58A903F00F001B09205C1D
:10C8500001F8010D43EA0273120953EA0200F3D111
:10C8600058ABCDE907615E1AFFF7FFBBDDE90C01AC
:10C870002CAA1D9301F098FD00287FF42FAC2E9F69
:10C880001D9B0DF1BC0B6FE4DDE90C012CAA01F03E
:10C890008BFD00287FF422AC2E9F0DF1BC0B75E4BC
:10C8A000082801080428010818280108102C2D9BCD
:10C8B000DFF8D88223DD4746DDF83490DDF830809C
:10C8C000102604E0103C102C0BF1080B16DD013390
:10C8D0001035072BCBE90076CDE92D35F2DD2CAAFA
:10C8E000494640460DF1BC0B01F05EFD00287FF487
:10C8F000F5AB103C102CDDE92D35E8DCB8460133F2
:10C900002544072BCBE90084CDE92D357FF763ACB7
:10C91000DDE90C012CAA01F047FD00287FF4DEAB15
:10C920002E9D58E4269A002A7FF7BCAE109E129ADC
:10C93000089B9642A8BF1646002E1A441D920BDD96
:10C94000CBE900362D9B01333744072B2E972D93CF
:10C9500000F39B850BF1080B109D002EA8BFAD1BAB
:10C96000002D00F3F081109BDDF820909944079B87
:10C970005E0500F10D82269C129B9C4203DB079A08
:10C98000D50740F18E84169B179ADD19CBE9002359
:10C990002D9B2E950133072B2D9300F3D6850BF19C
:10C9A000080B129B1C1B1D9BA3EB0906A642A8BFEC
:10C9B0002646002E0DDD2D9BCBF80090013335442B
:10C9C000072BCBF804602E952D9300F3D8850BF13F
:10C9D000080B002EA8BFA41B002C7FF7F3AB102C74
:10C9E0002D9B6B4F40F3FE82DDE90C89102605E09C
:10C9F0000BF1080B103C102C40F3F482013310357E
:10CA0000072BCBE90076CDE92D35F1DD2CAA49467F
:10CA1000404601F0C9FC00287FF460ABDDE92D350C
:10CA20000DF1BC0BE6E7079BDC073FF582AE089BE8
:10CA3000CBF800302D9B03F101087D1C0123B8F1D8
:10CA4000070F2E95CDF8B480CBF804307FF7A8AE51
:10CA5000DDE90C012CAA01F0A7FC00287FF43EAB15
:10CA6000DDE92D852FAE9BE6302900F0C882089ABB
:10CA700007963023023802F8013C58AB1E1A089082
:10CA8000FFF7F3BAB9F1000F7FF4B1AA079658ABDC
:10CA90004E460893FFF7E9BA129B012B7FF780AE51
:10CAA000112B3B4F40F3E48243461024DDE90C8B0D
:10CAB00006E00836A9F11009B9F1100F40F3D7824A
:10CAC00001331035072BC6E90074CDE92D35F0DDB3
:10CAD0002CAA5946404601F067FC00287FF4FEAAC4
:10CAE000DDE92D352FAEE5E7DDE90C012CAA01F0DB
:10CAF0005BFC00287FF4F2AA2E9F0DF1BC0BFFF720
:10CB00004EBB0F9951F8043B0F9116F010010CD158
:10CB100016F0400004D00A469BB20121FFF786BA06
:10CB200016F400721CBFDBB202460121FFF77EBA89
:10CB30005B42079E62EB42022D200121FFF777BA8C
:10CB4000DDE90C012CAA01F02FFC00287FF4C6AA15
:10CB5000DDE92D372FAEFAE5DDE90C012CAA01F055
:10CB600023FC00287FF4BAAADDE92D852FAEFCE571
:10CB70009AF800500F93FFF785B9079A920500F1D4
:10CB8000A083DA171146FFF71FBA00BF1828010863
:10CB900008280108DDE9140102460B46F4F7E2FA21
:10CBA000002840F0BF85612D00F08C84412D00F0FD
:10CBB000F684B9F1FF3F00F0A58325F02003472B51
:10CBC00004D1B9F1000F08BF4FF00109DDE91412DB
:10CBD000079C002A44F480700990C0F2AA84CDE931
:10CBE000221200231D930E93A5F14103252B00F281
:10CBF000BF82DFE813F09103BD02BD02BD028A03CC
:10CC00008E03BD02BD02BD02BD02BD02BD02BD025A
:10CC1000BD02BD02BD02BD02BD02BD02BD02BD021C
:10CC2000BD02BD02BD02BD02BD02BD02BD02BD020C
:10CC3000BD02BD02BD02BD02BD02BD02BD028A032E
:10CC40008E03079BDD0600F1FC81079B5C0600F16B
:10CC50003283079B980540F1F4810F9B0B9A1B6868
:10CC60001A70FFF7F2BB199B9AF80050002B3FF4A3
:10CC700009A91B78002B3FF405A9079B43F48063A7
:10CC80000793FFF7FFB8BD4B1893079B13F02002E3
:10CC900000F002810F9B073323F0070319465A68FF
:10CCA00051F8083B0F910798C1070AD553EA0201D2
:10CCB00007D040F00201079130218DF895508DF892
:10CCC0009410079921F480660221FFF7AFB9079EFF
:10CCD000FFF78ABBAA4B1893D7E7DDE90C012CAA12
:10CCE00001F062FB00287FF4F9A92E9D0DF1BC0B29
:10CCF000FFF7F6BB43F400739AF8015007930AF16B
:10CD0000010AFFF7BFB843F020039AF801500793D8
:10CD10000AF1010AFFF7B6B80C984021FEF7AEFC05
:10CD20000D9B18601861002800F0B8840D9A40230C
:10CD30005361FFF770B808980F97F3F761FAB1469F
:10CD40000646FFF7F8BA102D3A462D9B8D4F40F35B
:10CD5000E081DDE90C48102605E00BF1080B103DE1
:10CD6000102D40F3D68101331032072BCBE900762A
:10CD7000CDE92D32F1DD2CAA4146204601F014FB0D
:10CD800000287FF4ABA9DDE92D320DF1BC0BE6E7FD
:10CD90001199CDF880A05A4638467A4EDDF864A045
:10CDA0001C9BDDF834B04F464FF01008DDF84C9076
:10CDB00081B3B9F1000F00F0FC8009F1FF391B9934
:10CDC000C2E900132D990131184407292E902D91A5
:10CDD00073DC08321D9C9AF80010E51B8D42A8BF39
:10CDE0000D46002D0CDD2D99013128440729C2E99B
:10CDF00000752E902D9100F308819AF800100832EA
:10CE0000002DACBF4C1B0C46002C12DC0F441199BA
:10CE10000029CED1B9F1000FCFD11D9BCDF864A070
:10CE2000B9469945DDF880A09346074628BF994644
:10CE3000A1E5102C2D9940F387840C9D0893109642
:10CE400004E0103C102C02F1080215DD0131103015
:10CE50000729C2E90068CDE92D10F2DD2CAA594658
:10CE6000284601F0A1FA00287FF438A9103C102CC4
:10CE7000DDE92D102FAAE9DC089B109D156001311A
:10CE800020440729CDE92D10546000F30B839AF854
:10CE9000001008320F44BAE70F9951F8043B0F9184
:10CEA000079911F010017FF4FEAE079A12F04000CE
:10CEB00000F028819BB20A46F5E60C9808932CAA4C
:10CEC000594601F071FA00287FF408A92E98089BB2
:10CED0002FAA7FE706F480670996CDE907A5DFF85A
:10CEE000A880199E4FF0000C58AC05E00A2B72F197
:10CEF000000235D353462A46991841F10001A8FB98
:10CF0000010525F0030000EB9500091A581A4FF0AF
:10CF1000CC3562F1000E05FB00F508FB0E55A0FBB9
:10CF200008A005440AF0010E0520AEFB000E4018D3
:10CF30004FEA5A0A303004F8010C4AEAC57A0CF17B
:10CF4000010C013C6D08002FD0D031788C45CDD13B
:10CF5000BCF1FF0FCAD00A2B72F1000280F0ED8005
:10CF60001996DDE9085658ABDDF81CA0CDF848C08D
:10CF7000CDE907641E1BFFF778B800BFE82701085A
:10CF8000D427010808280108CDCCCCCCDDE90C0160
:10CF90002CAA1D9301F008FA00287FF49FA89DF8A1
:10CFA00093201D9B0DF1BC0BFFF7CAB8079EFFF73E
:10CFB00019B8119901390AF1FF3A1191FFE60129D7
:10CFC000079E7FF4C6AAFFF712B8DDE90C012CAA70
:10CFD00001F0EAF900287FF481A82E9F0DF1BC0B27
:10CFE000FFF767BA01332544072BCBF80070CBF865
:10CFF0000440CDE92D357FF7E3A8FFF788BB089AF9
:10D00000079658AB9E1AFFF730B80C9808932CAAD5
:10D01000594601F0C9F900287FF460A89AF8001079
:10D020002E98089B2FAAEBE6DDE90C012CAA01F053
:10D03000BBF900287FF452A82E9F0DF1BC0BFFF71F
:10D04000A8B80F9B0B9A1B681A60FFF7FEB94E46F3
:10D05000062E1A4628BF062699460E93BF4B099600
:10D06000CDE910220F9708931392FFF70AB898465C
:10D0700008F101084D44B8F1070FCDE92D8537605F
:10D08000C6F804907FF78BABE2E4169B179859190A
:10D09000CBE900032D9B2E910133072B2D9300F339
:10D0A00016810BF1080B002ABFF624AB5642103252
:10D0B000AB4F80F2CB82DDE90C48102505E00BF187
:10D0C000080B103E102E40F3C18201331031072BA4
:10D0D000CBE90075CDE92D31F1DD2CAA4146204682
:10D0E00001F062F900287EF4F9AFDDE92D310DF190
:10D0F000BC0BE6E7079A12F400721CBFDBB20246D3
:10D10000FEF790BF079A12F400721CBFDBB2024612
:10D11000C9E50133CBF80070072B05EB0207CDE919
:10D120002D37CBF8045000F3E0800BF1080B1AE424
:10D130002D228DF89320FFF7A2B81C9B1B99E41AAF
:10D140001A462046FEF70AFE737803B101364FF007
:10D15000000CCFE6DDE90C012CAA01F025F900282E
:10D160007EF4BCAF269A2E9D0DF1BC0BFFF7AABA38
:10D170004F460223CDE900372AAB049327AB039334
:10D1800026AB02930C98DDE92223F4F779F9672D99
:10D19000089000F00682472D00F09582089B25F04C
:10D1A0002008B8F1460F03EB070605D11B78302B9A
:10D1B00000F0DC82269F3E44DDE9220100220023AC
:10D1C000F3F704FF002800F03C813346089A9B1ACD
:10D1D0001293269A1092B8F1470F00F02081B8F10F
:10D1E000460F00F0F681531E612D269300F0D68283
:10D1F000412D40F01C8150210120002BB6BFC2F10F
:10D2000001032B222D22092B8DF8A0108DF8A120CF
:10D2100040F335820DF1AF06524F32461046A7FB60
:10D220000312D20802EB8201A3EB4101303100F876
:10D23000011C19466329134600F1FF32EEDC30333E
:10D2400002F8013C831EB34280F0B4820DF1A102CA
:10D2500013F8011B02F8011FB342F9D158AB181A99
:10D26000A0F1AD031A93129B1A9A012B03EB02064D
:10D2700040F32582169B1E4424F4806343F480739C
:10D2800007930023CDE9103326EAE672139309923F
:10D290001D9B002B40F0CE809DF893209946FEF711
:10D2A000F0BE1D9A1C1BA2EB0906A6423D46A8BF74
:10D2B0002646FFF78EBB0F9B0B9A1B681A80FFF761
:10D2C000C4B843F3C01211465BB2FEF77DBEDDE980
:10D2D0000C012CAA01F068F800287EF4FFAEDDE90D
:10D2E0002D31269A0DF1BC0BDDE6DDE90C012CAAEF
:10D2F00001F05AF800287EF4F1AE2E9F0DF1BC0B20
:10D30000FFF731BB4FF0060960E409F10107022382
:10D3100030E74F4603232DE726AADDE9220101F07D
:10D320000BF800224FF07F53F3F79AFA0022002304
:10D3300006460F46F3F74AFE002840F0B7810A4B35
:10D34000079309F1FF33CDE9209B1195CDE9124AEE
:10D35000DDF82080DDF81CB01D460DE0FC2701083B
:10D3600008280108CDCCCCCCE827010800220023F6
:10D37000F3F72CFEF0B94D46AB4B00223046394650
:10D38000F3F76EFA0F460646F3F702FF0446F3F78B
:10D39000FDF90B46024639463046F3F7A9F81BF86B
:10D3A0000430C24608F8013B6B1C05F1FF39064604
:10D3B0000F46DBD19D4B1095002230463946119D1A
:10D3C0001194DDE9209B129CCDF848A0DDF84CA01B
:10D3D000F3F724FE002840F00A81944B304639468A
:10D3E0000022F3F7F3FD18B1119BDF0700F1FF8076
:10D3F000109B002BC0F21681109B01334344302256
:10D4000008F8012B4345FBD1089A9B1A129325F08B
:10D410002008DEE6089A2A9B9B1A269A1293D31CB0
:10D42000109201DB914518DA531E023D2693E9B2B2
:10D430000020E2E62D228DF893204FF00009FEF740
:10D4400022BE2A9BB342BFF4C1AE30215A1C2A929D
:10D4500019702A9B9E42F9D8B8E6129B934200F3BA
:10D46000A780E30740F15C81169BD618670502D5BB
:10D47000002A00F32F81099B079326EAE67309939C
:10D48000672500231393119302E7DDE90C012CAA11
:10D4900000F08AFF00287EF421AE2E9F0DF1BC0B18
:10D4A000FFF75ABA0C9808932CAA594600F07CFF53
:10D4B00000287EF413AE9AF800102E98089B2FAA2D
:10D4C0000F44A4E478238DF8953030238DF8943000
:10D4D000079BB9F1630F43F0020400F3AB80002314
:10D4E0000E933FAB0893079B43F481730993159BFD
:10D4F000002B21DB00231D93DDE91423CDE922233A
:10D50000612D7FF471AB26AADDE9220100F014FF42
:10D5100000224FF07F53F3F7A3F9002200230646C1
:10D520000F46F3F753FD002840F0C080404B0793AF
:10D5300007E70023079C0E93DDE9142303F1004362
:10D5400023932D2322921D93DAE7DDE90C012CAA07
:10D5500000F02AFF00287EF4C1AD269C2E9D0DF11F
:10D56000BC0BFFF71EBA4E46CDF82490CDE9100053
:10D570009DF893200F9781461390FEF782BDDDE959
:10D580000C012CAA00F010FF00287EF4A7AD269C09
:10D59000129B2E9D1C1B0DF1BC0BFFF71ABA5823D2
:10D5A00091E7E6077FF536AFC6194FF0470803E667
:10D5B000129B169A9E18109B002B40F3C88067257B
:10D5C000620500F18880099B079326EAE6730993B8
:10D5D00057E7109A04F00103002A43EA090340F3D5
:10D5E000D580002B40F0BD80109E6625E8E7129B99
:10D5F000079A2A93D17B18F8013C8B42424609D105
:10D60000302002F8010C2A9A531E2A9312F8013C8A
:10D610009942F6D0392B0BBF079B01339B7ADBB2C3
:10D6200002F8013C4346EFE6000030400000E03FD6
:10D63000D42701080C9809F10101FEF71FF80890A2
:10D64000002800F0C980089B0E934CE70133314459
:10D65000072BCDE92D31CBF80070CBF804607FF7B4
:10D6600047A8DDE90C012CAA00F09EFE00287EF4FC
:10D6700035ADDDE92D310DF1BC0BFFF73BB80028CE
:10D6800040F0818030228DF8A2200DF1A3023033CA
:10D6900002F8013B28ABD31A1A93E4E50C9A0C2349
:10D6A00013604FF0FF330B93FEF723BD4E4B4F4AF1
:10D6B000612D18BF1A4601230792269341E6E2071F
:10D6C0007FF5DAADD6E5E1077FF5A4AE089BA84665
:10D6D000DE1971E5672519990B78FF2B78D00024A6
:10D6E000109A204603E001300131FF2B08D093420D
:10D6F00006DAD21A4B78002BF5D10B780134F4E717
:10D700001991119013941092099B119A0793139BEE
:10D7100013441C9A02FB036626EAE6730993B7E5F5
:10D720001646A3E6159B324C002B079BA8BF9DF81D
:10D73000932023F08003B8BF2D220793B8BF8DF844
:10D7400093202C4BFEF7A1BD2B4DFFF797BBC3F1E8
:10D7500001031E44099A079226EAE6730993672596
:10D760008FE6169BD6184E44662529E7DDE922018F
:10D7700000220023F3F72AFC00287FF41BADC7F139
:10D780000107269717E50DF1A20280E743B9099B2F
:10D7900007930123099366251E4672E670212BE547
:10D7A000099B0793169B5E1C4E4426EAE673099379
:10D7B000662566E602231A9355E50F9B9AF80150F9
:10D7C000924653F8042B0F9342EAE279FEF75ABBD4
:10D7D00000231393119397E70D998B8943F040022F
:10D7E00013468A81FEF782BCE8270108D427010886
:10D7F000CC270108D0270108082801082DE9F04F9F
:10D8000003690C69A34283B0C0F28A80013C01F134
:10D81000140500F1140855F8243058F82420013379
:10D820009A428E4681464FEA840105EB840708EB55
:10D83000840AB2FBF3F63AD3CDE900150022AC46D8
:10D84000404613465CF8041B05681FFA81FB06FB83
:10D850000B22090C4FEA124B06FB01BB92B2A9B294
:10D86000891A19441FFA8BF3C3EB214303EB1543C9
:10D8700089B241EA0341674540F8041B4FEA1B4265
:10D880004FEA2343DED2DDE9001558F8013073B9C1
:10D89000AAF1040AD04504D307E0D04504F1FF34CF
:10D8A00003D25AF80439002BF7D0C9F8104071465A
:10D8B000484600F011FC00282EDB4146002255F8B6
:10D8C000040BD1F800C01FFA80FE1FFA8CF3A3EB03
:10D8D0000E031344020CC2EB234202EB1C429BB228
:10D8E00043EA0243AF4241F8043B4FEA2242E6D208
:10D8F00058F8242008EB84036AB9043B984504D304
:10D9000007E0984504F1FF3403D253F80429002AB4
:10D91000F7D0C9F810400136304603B0BDE8F08FAB
:10D92000002003B0BDE8F08FF8B5234F0C46064643
:10D93000FEF7B2F9BB685D6825F0030505F6EF73E5
:10D94000191B21F47F6121F00F01A1F58054B4F57A
:10D95000805F07DB00213046FEF7AAF9BB682B4445
:10D96000984204D03046FEF79DF90020F8BD614290
:10D970003046FEF79DF901300DD0104ABB682D1BD3
:10D9800045F001055D60136830461B1B1360FEF710
:10D9900089F90120F8BD00213046FEF789F9BA68FF
:10D9A000831A0F2BDEDD43F001035360044B034960
:10D9B0001B68C01A0860D5E700000020341300205F
:10D9C000E006002000297CD0F8B50C460646FEF79C
:10D9D00063F954F8043C774FA4F1080523F00101E2
:10D9E0006818D7F808C04268844522F0030200F0A6
:10D9F0008380DB07426000EB020C33D454F8084C00
:10DA0000DCF804302D1B2144AC6807F1080C644598
:10DA100003F0010364D0D5F80CE0C4F80CE0CEF8B4
:10DA20000840002B00F0818041F001036B60016031
:10DA3000B1F5007F22D27868CB0801224909013371
:10DA40008A40024357F833107A6007EBC302083A62
:10DA5000C5E9021247F83350CD603046BDE8F840C2
:10DA6000FEF720B9DCF80430DB072BD541F00103C9
:10DA7000B1F5007F44F8043C0160DCD3B1F5206FC0
:10DA80004FEA512353D28B0903F1390003F13802D5
:10DA9000C300F818FB580838984203D163E09B682C
:10DAA000984204D05A6822F003028A42F7D8D86814
:10DAB000C5E902308560DD603046BDE8F840FEF71C
:10DAC000F1B87047114407F1080C836863453FD0F3
:10DAD000C268DA60936041F001036B606950A7E7A8
:10DAE000002B61D10A44D0E90213CB60996042F067
:10DAF00001036B60AA50B0E70A44D90707D454F871
:10DB0000083CED1A1A44D5E90213CB60996042F043
:10DB100001036B60284BBD601B6893429DD8274B67
:10DB200030461968FFF700FF97E71144CDE7142B43
:10DB300008D9542B1FD80B0B03F16F0003F16E02B1
:10DB4000C300A6E703F15C0003F15B02C300A0E79A
:10DB500041F001033D617D61C5F808C0C5F80CC006
:10DB60006B60695079E779689210012404FA02F237
:10DB70000A437A609CE7B3F5AA7F06D8CB0B03F182
:10DB8000780003F17702C30083E740F254529342D6
:10DB900006D88B0C03F17D0003F17C02C30078E70B
:10DBA0004FF47E737E2274E741F001036B600160E5
:10DBB00053E700BF00000020E406002064130020AB
:10DBC00000487047DC070020C36C70B505460C4662
:10DBD0004BB153F8240080B1026843F8242000239D
:10DBE000C360036170BD2122042100F081FC034663
:10DBF000E8640028EDD1002070BD012101FA04F68F
:10DC0000721D9200284600F073FC0028F3D0C0E992
:10DC10000146E4E731B1C36C4A6853F8220008605A
:10DC200043F82210704700BF2DE9F0410D69074607
:10DC30000E461C4601F1140E0020DEF800108BB2D7
:10DC400002FB03434FEA134C090C02FB01CC0130E9
:10DC50009BB203EB0C4385424EF8043B4FEA1C4455
:10DC6000EBDC3CB1B368AB4207DD06EB8503013565
:10DC70005C6135613046BDE8F0817168384601313C
:10DC8000FFF7A2FF8046A8B13269023206F10C010B
:10DC900092000C30F3F7CCF9FB6C726853F8221049
:10DCA000316043F82260464606EB850301355C612E
:10DCB0003561DFE7024B03484246B52100F0F8FB2F
:10DCC00038280108A4280108B0F5803F034636BF74
:10DCD000030400201020B3F1807F3CBF1B020830FA
:10DCE000B3F1805F3CBF1B010430B3F1804F03D31D
:10DCF000002B06DB013070479B0003D45B0003D48C
:10DD0000202070470230704703307047036813F0DB
:10DD10000702014607D0DA071FD4980721D55B0810
:10DD20000B600120704798B2A0B11046DAB20AB970
:10DD300008301B0A1A0704BF1B0904309A0704BFE6
:10DD40009B080230DA0703D45B0800F1010006D01B
:10DD50000B6070471B0C1020E8E700207047202064
:10DD600070479B080B600220704700BF38B5C36C3A
:10DD700004460D464BB15868B0B102685A600022A3
:10DD800001234561C260036138BD2122042100F0F6
:10DD9000AFFB0346E0640028EDD1094B094800229F
:10DDA0004FF4A07100F084FB1C220121204600F0FA
:10DDB0009FFB0028F1D00122022342608360DEE74E
:10DDC00038280108A42801082DE9F04FD1F8108067
:10DDD0001569A84585B00E46924605DB2A4653468E
:10DDE00045468A4690461E46DAF80830DAF80410AE
:10DDF00005EB0804A342B8BF0131FFF7E5FE8446F6
:10DE0000002800F08B8000F1140707EB840E7745A3
:10DE100005D23B46002243F8042B9E45FBD814361E
:10DE200006EB88080AF11409464509EB850566D218
:10DE3000A5EB0A03153B23F003030AF1150A04338B
:10DE400055452CBF9B464FF0040BCDF808E00394DA
:10DE5000AE46E24605E0090C2AD1B04507F10407B9
:10DE60004AD956F8041B8DB2002DF4D0CC463C465E
:10DE7000002301965CF8040B216886B28AB2000C7C
:10DE800005FB0622090C1A4405FB001101EB1241A7
:10DE900092B242EA0142E64544F8042B4FEA1143AC
:10DEA000E8D8019E47F80B3056F8041C090CD4D072
:10DEB0003B68002248461D463C469446028801FBCA
:10DEC00002C202EB15429BB243EA024344F8043B10
:10DED00050F8043B25684FEA134CABB201FB0C33FE
:10DEE00003EB124386454FEA134CE7D8B04547F899
:10DEF0000B3007F10407B4D8DDE902E4D446002C66
:10DF000002DC05E0013C03D05EF8043D002BF9D0B3
:10DF10006046CCF8104005B0BDE8F08F034B0448D4
:10DF2000624640F25D1100F0C3FA00BF38280108D4
:10DF3000A428010812F003032DE9F0411446074616
:10DF40002CD10D46A4101CD0BE6C86B3E3074FF055
:10DF5000000806D4641014D03068A8B10646E30760
:10DF6000F8D5324629463846FFF72EFF35B1FB6C0F
:10DF7000696853F821202A6043F82150641005464F
:10DF8000EAD12846BDE8F081324631463846FFF7EF
:10DF90001BFF3060C0F800800646E0E7013B0F4AF7
:10DFA00052F823200023FFF73FFE0546CAE7012170
:10DFB0003846FFF709FE064640B1012340F27122C0
:10DFC000C0E904320023B8640360BFE7044B05488E
:10DFD00032464FF4A07100F06BFA00BFFC28010834
:10DFE00038280108A42801082DE9F0470C4690467E
:10DFF0002769A368496807EB62177D1C9D420646A6
:10E000004FEA621904DD5B009D4201F10101FADC77
:10E010003046FFF7D9FD8446002851D0B9F1000FF2
:10E0200000F114000EDD09F105024FEA820E0346ED
:10E030000CEB8202002143F8041B9342FBD1AEF1AA
:10E0400014031844216904F1140318F01F0803EBAA
:10E0500081012DD0C8F1200986464FF0000A1A68C8
:10E0600002FA08F242EA0A024EF8042B53F8042B93
:10E07000994222FA09FAF2D80B1B153B23F003034D
:10E08000043304F11502914238BF042340F803A081
:10E09000BAF1000F00D13D46F36C6268CCF8105025
:10E0A00053F822102160604643F82240BDE8F08713
:10E0B000043853F8042B40F8042F9942F9D8EAE7C2
:10E0C000034B0448624640F2D91100F0F1F900BF59
:10E0D00038280108A42801080B6984460069C01A81
:10E0E00015D10CF1140C14310CEB830210B401EBBC
:10E0F000830301E0944508D252F8044D53F8041DFF
:10E100008C42F7D004D24FF0FF3010BC70477047FC
:10E11000012010BC704700BF2DE9F04F13690F6953
:10E12000FF1A002F83B00D46904615D101F1140659
:10E13000143202EB830206EB830301E09E4276D2A7
:10E1400053F8044D52F8041D8C42F7D006D22B46EA
:10E1500001274546984601E0F9DB00276968FFF78B
:10E1600033FD8146002876D02E69C760D8F81000AC
:10E1700005F1140B08F1140E09F1140A05F1100150
:10E180000EEB80000BEB860257464FF0000CCDF8EB
:10E1900004B05EF8044B51F8045F1FFA84FBABB285
:10E1A000A3EB0B03240C6344C4EB154404EB23449E
:10E1B0009BB243EA0443704547F8043B4FEA244CC2
:10E1C000E7D8A0EB0801153989084C1CDDF804B02C
:10E1D00008F11508A400404538BF04240BEB0405E2
:10E1E000AA42544430D92746284650F8043B1CFA2A
:10E1F00083FE190C634401EB2E419BB243EA0143B9
:10E20000824247F8043B4FEA214CEED8013A521BB8
:10E2100022F00302144423B954F8043D013E002BBC
:10E22000FAD04846C9F8106003B0BDE8F08F00216D
:10E23000FFF7CAFC8146A8B101220023C0E90423EC
:10E24000484603B0BDE8F08F8900404538BF002143
:10E250000AEB0104DFE7074B07484A464FF4107109
:10E2600000F026F9034B04484A4640F2322100F000
:10E270001FF900BF38280108A4280108F0B50121C2
:10E2800083B016461F46FFF79FFC0546002847D07F
:10E29000C7F30A54C7F313030CB143F48013002EE1
:10E2A000019314D101A8FFF731FD019B6B6101229D
:10E2B00020302A6114B3089BA4F2334404441C6048
:10E2C000099BC0F135001860284603B0F0BD6846D0
:10E2D0000096FFF71BFD019B00B30099C0F12002DF
:10E2E00003FA02F2C34001930A43002BC5E9052358
:10E2F0000CBF012202222A61002CDCD105EB820135
:10E30000A0F23243086908990B60FFF7DDFC099B16
:10E31000C0EB42101860284603B0F0BD009AE4E755
:10E32000034B04482A4640F20A3100F0C1F800BF0E
:10E3300038280108A4280108DFF860C0F8B521F0EA
:10E3400000430027634504460D461646176022D851
:10E35000844653EA0C0C1ED0DFF844C001EA0C0CD2
:10E360000A46BCF1000F09D10E4B0022F2F778FAF1
:10E370006FF0350704460A4621F0004322F0FF42C1
:10E380001B1522F4E002A3F2FE3342F07F553B441A
:10E3900045F40015336020462946F8BDFFFFEF7FA6
:10E3A0000000F07F000050432DE9F04F936817689C
:10E3B00083B09246002B74D04FF0000B8B680A6834
:10E3C00081460C465D4645E0B4F90C3013F4906F7D
:10E3D0002CD0D4E90401161A01EB410202EBD272EF
:10E3E000711C52102944914292BF904688460A46B9
:10E3F0005B0539D511464846FDF740F901900028E4
:10E400003DD032462169F2F713FEA289019B22F426
:10E41000906242F08002A2819819A8EB0606A660DD
:10E42000C4F8148023612060A8462E46324659461F
:10E4300000F0B8F8DAF80810A3682268A3EB080324
:10E440003244491BA3602260CAF8081049B3D7E9D7
:10E4500000B5083798461046002DF8D09D421E465C
:10E46000B2D2A8462E46E1E70146484600F01AF926
:10E4700003460028D0D121694846FFF7A3FAA389B3
:10E480000C2243F04003C9F800204FF0FF30A38175
:10E4900000220023CAF80820CAF8043003B0BDE8FF
:10E4A000F08F00200023CAF8043003B0BDE8F08FDD
:10E4B00000B50B4C25681446EE681A4685B0034635
:10E4C0000D464CB107490095CDE901143046064987
:10E4D00000F03EF8F7F7A4FA04490C46F3E700BF52
:10E4E000E806002008290108182901081429010854
:10E4F00010B502FB01F1FDF7C1F8044668B150F810
:10E50000042C22F00302043A242A18D8132A06D82D
:10E5100002460023136053609360204610BD002321
:10E520001B2A036043600FD9242A8360C36011BF94
:10E5300000F1100200F1180203614361E9E70021D4
:10E54000FDF758FB204610BD00F10802E1E700BFCF
:10E550000EB410B583B005AB064C53F8042B0193F1
:10E560000146206800F040FA03B0BDE8104003B057
:10E57000704700BFE806002082B049B15AB16BB1C4
:10E5800013780B601278101E18BF012002B070477C
:10E5900001A9002AF3D1104602B070476FF00100C4
:10E5A000F4E700BF88420ED98B1883420BD900EBE9
:10E5B000020C002A6ED0624613F801CD02F801CD9C
:10E5C0009942F9D170470F2A0FD8034602F1FF3C58
:10E5D000002A5FD00CF1010C013B8C4411F8012B97
:10E5E00003F8012F6145F9D1704740EA01039B0709
:10E5F00051D1A2F1100370B501F1200C23F00F05E9
:10E6000001F1100E00F11004AC441B095EF8105C1F
:10E6100044F8105C5EF80C5C44F80C5C5EF8085C36
:10E6200044F8085C5EF8045C44F8045C0EF1100EDB
:10E63000E64504F11004E9D1013312F00C0F01EBAF
:10E64000031102F00F0400EB031328D0043C24F064
:10E6500003064FEA940C1E441C1F8E465EF8045BB2
:10E6600044F8045FB442F9D10CF1010402F0030252
:10E6700003EB840301EB840102F1FF3C4AB10CF18E
:10E68000010C013B8C4411F8012B03F8012F61456B
:10E69000F9D170BD704702F1FF3C03469AE722466C
:10E6A000EAE700BF2DE9F84F1646002900F09680F2
:10E6B0000C46804606F10B05FDF7EEFA54F8041CF3
:10E6C000162DA4F1080921F0030758D81025AE42F1
:10E6D00058D8AF4260DABE4B9A6809EB070C624526
:10E6E000DCF8040000F0908020F0010363445B68D4
:10E6F000DA0768D420F003003B189D4247DDCB07C2
:10E7000012D454F8083CA9EB030BDBF8043023F0D7
:10E710000302104400EB070A554540F3F68007EB6F
:10E72000020A554540F3CC8031464046FCF7A6FF2F
:10E730000646002800F0208154F8043C23F0010331
:10E740004B44A0F10802934200F0B4803A1F242AFF
:10E7500000F2D780132A00F2A280034622461168F5
:10E7600019605168596092689A6021464046FFF7E7
:10E7700029F94046FDF796FA3046BDE8F88F35F0A6
:10E780000705A4D50C23C8F80030002618E01F4662
:10E79000DCE90223D3609A60D9F804307A1B0F2A8F
:10E7A00003F0010309EB07001DD83B43C9F804300F
:10E7B000436843F0010343604046FDF773FA264681
:10E7C0003046BDE8F88FC907AED454F8083CA9EB31
:10E7D000030BDBF8043023F00302A0E7BDE8F84F99
:10E7E0001146FCF74BBF09EB05012B4342F0010238
:10E7F000C9F804304A60436843F0010343600831BC
:10E800004046FFF7DFF8D7E720F00300C21905F113
:10E81000100C624580F29180CA0785D454F8082C08
:10E82000A9EB020BDBF8042022F00302104400EBFA
:10E83000070AD4453FF773AF5E46DBF80C1056F875
:10E84000080F3A1F242AC160886000F2AE80132AA4
:10E8500040F2A9802168CBF808106168CBF80C1051
:10E860001B2A00F2A88008340BF110022168116005
:10E8700061685160A16891600BEB0501AAEB05028C
:10E8800042F0010299604A60DBF8043003F00103B2
:10E890002B434046CBF80430FDF704FA90E7236899
:10E8A0000360636843601B2A3CD804F1080200F14E
:10E8B000080354E750F8043C23F003031F446BE7BC
:10E8C0003A1F5E46DBF80C3056F8081F242ACB604E
:10E8D000996022D8132A1ED92368CBF808306368C0
:10E8E000CBF80C301B2A3BD808340BF110032268FC
:10E8F0001A6062685A60A2689A6034465746D946E0
:10E900004AE72146FFF74EFE2FE7DCE902133A1FE4
:10E91000CB609960D5E73346E9E721463046FFF7FB
:10E9200041FEEAE7A3688360E368C360242A27D036
:10E9300004F1100200F1100311E709EB05019960E1
:10E94000531B43F001034B6054F8043C03F00103F4
:10E950002B43404644F8043CFDF7A4F926462FE734
:10E96000A368CBF81030E368CBF81430242A10D019
:10E9700010340BF11803BAE74046FDF793F904E7AA
:10E98000236903616169416104F1180200F1180310
:10E99000E5E62369CBF818306369CBF81C301834EE
:10E9A0000BF12003A3E7324660E721463046FFF72C
:10E9B000F9FD074B60E7A168CBF81010E168CBF8D0
:10E9C0001410242A06D010340BF118024EE700BFB1
:10E9D000000000202269CBF818206269CBF81C20C7
:10E9E00018340BF1200241E72DE9F04FBDB0CDE91D
:10E9F00006031C460491914618B1836B002B00F06E
:10EA00003582049A536EB2F90C20D80702D49105CE
:10EA100040F1B085130740F1EE80049B1B69002B89
:10EA200000F0E98002F01A030A2B00F0F38013AB28
:10EA300010930023CDE91133CDE90B3309930DF188
:10EA40004C0A0A93039399F80030002B00F0C3811D
:10EA50004C4604E014F8013F002B00F0F980252B10
:10EA6000F8D1B4EB090540F0F7802378002B00F0D3
:10EA7000B2814FF000034FF0000B62788DF83B300D
:10EA8000CDF808B004F101094FF0FF3809F1010990
:10EA9000A2F120035A2B00F20C81DFE813F0EF0201
:10EAA0000A010A01EA020A010A010A016A000A01CE
:10EAB0000A01DF02D9020A01D400C0020A01BB0226
:10EAC0005B005B005B005B005B005B005B005B006E
:10EAD0005B000A010A010A010A010A010A010A018E
:10EAE0000A010A01D90185000A010A010A010A0185
:10EAF0000A010A010A010A010A010A0147020A0180
:10EB00000A010A01BC010A0111020A010A01730586
:10EB10000A010A010A010A010A010A010A010A019D
:10EB20000A010A01D90187000A010A010A01AE029D
:10EB3000870080000A01A1020A0193026905FA0216
:10EB400080000A01BC017D0067050A010A019105E8
:10EB50000A017D00A2F13003002119F8012B01EB1D
:10EB6000810103EB4101A2F13003092BF5D9029198
:10EB70008EE7069D2846FFF723F843680B93184657
:10EB8000F1F73EFB0C9004462846FFF719F883681E
:10EB90000A93002C40F0CB8499F8002076E799F88E
:10EBA00000204BF0200B71E74BF0100B1BF0200FF7
:10EBB00000F02281079B073323F0070319465A68A8
:10EBC00051F8083B07911146002AC0F25B81B8F169
:10EBD000FF3F00F0628153EA01022BF0800B40F00E
:10EBE0005C81B8F1000F40F07C85CDF80480CDF851
:10EBF00014803CAC91E1049D0698294600F00EFE7D
:10EC0000002840F09385B5F90C2002F01A030A2B76
:10EC10007FF40DAF0499B1F90E30002BFFF607AF6A
:10EC20004B6EDD0702D4900540F15E85049906988D
:10EC300023464A463DB0BDE8F04F00F0A1BD029A20
:10EC400007935242029299F800204BF0040B1DE703
:10EC5000B4EB090500F0BF80119B129A01332A44DE
:10EC6000072BCAE900951292119305DC0AF1080AF4
:10EC7000039B2B440393F8E61AB911920DF14C0A49
:10EC8000F6E70499069810AA00F06CFF0023CDE97E
:10EC900011330028F2D0049B5A6EB3F90C30D1071F
:10ECA00040F1A0805B0600F14D8503983DB0BDE8C2
:10ECB000F08F002A00F08F8000238DF83B30012375
:10ECC0008DF88C200193059323AC4FF000081BF0C6
:10ECD000020602D0019B02330193DDE911201BF0F3
:10ECE000840302F1010C6146089305D1DDE901536B
:10ECF0005D1B002D00F336839DF83B50002D00F086
:10ED0000FB810DF13B020130CAF8002007294FF0CA
:10ED10000102CDE91110CAF8042040F3E98148B19D
:10ED200010AA0499069800F01DFF0022CDE91122D7
:10ED30000028B0D1002E00F0F28102200FAB149019
:10ED4000139301210DF14C0A0A460AF1080A013118
:10ED5000089B802B00F0ED81059BA8EB0307002F9B
:10ED600000F33082059BCAF8004018440729CDE91A
:10ED70001110CAF8043040F37482002840F0CF82AA
:10ED800011901BF0040F00F0AC82DDE901239C1A06
:10ED9000002C12980DF14C0A00F36F82DDE902237A
:10EDA00001998A42ACBF9B185B18039350B1049938
:10EDB000069810AA00F0D6FE0023CDE911330028F2
:10EDC0007FF469AF0023119399F800300DF14C0ADC
:10EDD000002B7FF43DAE129B002B40F09484002367
:10EDE000119358E79A053FF55DAF049CA06DF6F7C7
:10EDF000FFFDB4F90C3055E7079A1BF0100F52F8DD
:10EE0000043B079239D11BF0400F32D043F3C0319D
:10EE10000A461BB2D8E6079D55F8044B00268DF82C
:10EE20003B60002C00F03584B8F1FF3F00F0FD831B
:10EE3000424631462046F1F753FA002800F0598443
:10EE4000031B059323EAE3730795B046019364E03F
:10EE5000079B00228DF83B2053F8042B07930123D6
:10EE60008DF88C200193059323AC2EE700F0F4FD80
:10EE7000C7E51BF4007F40F02984D9170A46002A11
:10EE8000BFF6A5AE5B4261EB41012D22B8F1FF3F19
:10EE90008DF83B2001D02BF0800B0A2B71F1000282
:10EEA00080F0E3823033DBB28DF8EF304346012B44
:10EEB000B8BF01230193012305930DF1EF042CE06A
:10EEC0004BF0100212F0200100F0C082079B0733C4
:10EED00023F007031846596850F8083B07900020B4
:10EEE000B8F1FF3F8DF83B0000F0CC8353EA0100FE
:10EEF00022F0800BD1D10120B8F1000F38D10028C9
:10EF00007FF473AE12F00102059200F0FD8230230F
:10EF10008DF8EF3001920DF1EF049DF83B30002B9E
:10EF20003FF4D5AE019B01330193D0E64BF01002C4
:10EF300012F0200100F07B82079B073323F00703C8
:10EF40001846596850F8083B07900020B8F1FF3F79
:10EF50008DF83B0022F4806B12D022F4906453EAC7
:10EF6000010240F08D835A46A346B8F1000FC6D087
:10EF7000012800F0B68300230228194600F0DC8146
:10EF80003CAC03F00702DB0843EA4173C9083032A6
:10EF900053EA0105204604F8012DF2D11BF0010FC0
:10EFA00000F0D881302A00F0D5813023023804F8EF
:10EFB000013C3CAB1B1A43450593B8BF434604468E
:10EFC0000193AAE71BF0200F00F0BF82079B039A72
:10EFD0001B681A60D2175A60079B0433079332E507
:10EFE00099F800206C2A03BF99F801204BF0200B00
:10EFF00009F101094BF0100B48E599F80020682A47
:10F0000003BF99F801204BF4007B09F101094BF093
:10F01000400B3BE599F800204BF0800B36E5494664
:10F0200011F8012B2A2A00F09F83A2F13003092B4B
:10F0300089464FF000083FF62BAD19F8012B08EB7D
:10F04000880803EB4808A2F13003092BF5D91FE526
:10F050002B2399F800208DF83B3017E5079B53F8D8
:10F06000042B0292002AFFF6EAAD99F800200793DC
:10F070000CE599F800204BF0010B07E59DF83B30BB
:10F0800099F80020002B7FF401AD20238DF83B3050
:10F09000FCE4079A52F8043B079247F63002ADF8B9
:10F0A0003C20B74A09924BF0020B00214FF00002BE
:10F0B000B8F1FF3F8DF83B2000F03E8153EA01029A
:10F0C0002BF0800040F037815A468346022013E738
:10F0D000002840F08B829DF83B200121002A00F09F
:10F0E00081820DF13B02149113920DF14C0A0846F6
:10F0F0000A460AF1080A0131002E3FF429AE0FAB8F
:10F100000230CAF8003007294FF00203CDE9111090
:10F11000CAF804307FF718AE002840F07C81089BC5
:10F120000022802B4FF0010110460DF14C0A7FF4B4
:10F1300013AEDDE901535F1B002F7FF70DAE102FDB
:10F1400040F3F182D6468F4DCA460026C146A046FE
:10F15000069C07E0103F102F02F1020C0EF1080E82
:10F160000A4617DD511C103010230729CDE9111074
:10F17000CEF80050CEF80430ECDD10AA002840F0A4
:10F18000B980103F0022102F4FF0010C10460DF1F6
:10F190004C0EE7DC4446C846D146F2463844BCF142
:10F1A000070FCAE90057CDE911C000F3B181059BF3
:10F1B000A8EB0307002F0AF1080A0CF101016246CF
:10F1C0007FF7D0AD6F4D102F2ADD2B46D446254654
:10F1D000069EDDF810A04FF010081C4607E0103F17
:10F1E000102F02F102010CF1080C1A4614DD531C19
:10F1F0001030072BCCE90048CDE91130EFDD10AA23
:10F20000002840F08180103F0022102F4FF00101B4
:10F2100010460DF14C0CEADC2346E2462C461D4616
:10F2200038440729CDE91110CAF80050CAF8047013
:10F2300003DC0AF1080A013194E550B104990698FB
:10F2400010AA00F08FFC0023CDE9113300287FF4D1
:10F2500022AD0598139401231490129011930DF18F
:10F260004C0A1BF0040F3FF499ADDDE901239C1A11
:10F27000002C0AF1080A7FF791AD102C119A40F387
:10F280004F82414F069EDDF810B010254FF0000868
:10F2900007E0103C102C02F102010AF1080A1A469C
:10F2A00014DD531C1030072BCAE90075CDE911306D
:10F2B000EFDD10AA002840F0A480103C0022102CA2
:10F2C0004FF0010110460DF14C0AEADC20440729F9
:10F2D000CAE90074CDE911107FF760AD002840F055
:10F2E0009781DDE9022301998A42ACBF9B185B1824
:10F2F000039367E50499204600F034FCCDE91166DC
:10F3000000283FF43EAFC6E45146304600F02AFCE8
:10F310000023CDE9113300283FF475AFBBE4049915
:10F32000069810AA00F01EFC0023CDE91133002836
:10F330003FF427ADAFE4834609983CAC03F00F02DD
:10F340001B09825C04F8012D43EA0173090953EAA1
:10F350000102F3D13CAB1B1B43450593B8BF4346A9
:10F360000193DAE5102D40F3CB810D96D446064F7C
:10F37000049ECA461023C146A046089C0FE000BF69
:10F38000D42701085829010868290108103D102DCB
:10F3900002F1020E0CF1080C0A4613DD511C10306C
:10F3A0000729CCE90073CDE91110EFDD10AA314631
:10F3B000F0B9103D0022102D4FF0010E10460DF156
:10F3C0004C0CEBDC0D9E4446C846D146E246284430
:10F3D000BEF1070FCDE911E0CAF80070CAF8045079
:10F3E0003FF776AE0AF1080A0EF10101724683E496
:10F3F000069800F0B7FBCDE9114410230028D8D0BF
:10F4000049E45946304600F0ADFBCDE911880028AB
:10F410003FF453AF3FE40499069810AA00F0A2FB12
:10F420000023CDE9113300283FF479AE33E4079887
:10F4300050F8043B079012F010007FF486AD12F0F4
:10F44000400400F036819BB201467EE5079850F8F3
:10F45000043B079012F010007FF441AD12F040041D
:10F4600000F02D819BB2014639E5CDF81480B84FEC
:10F47000DDF82880CDF804B00BF480664FF0000C66
:10F480003CAC05E00A2B71F1000136D35B462946FE
:10F490005A1842F10002A7FB020525F0030000EB19
:10F4A0009500121A981A4FF0CC3561F1000E05FB49
:10F4B00000F507FB0E55A0FB07B005440BF0010E4D
:10F4C0000520AEFB000E80184FEA5B0B303004F8CD
:10F4D000010C4BEAC57B0CF1010C013C6D08002EC0
:10F4E000D0D098F800206245CCD1BCF1FF0FC9D034
:10F4F0000A2B71F1000180F0B480CDF82880DDF88E
:10F5000004B0DDF8148025E7CDF804803CAC04E5B8
:10F51000002840F09480059BA8EB0307002F7FF79D
:10F5200098AE0020024601210DF14C0A4BE60A9BE1
:10F5300099F80020002B3FF4A9AA1B78002B3FF478
:10F54000A5AA4BF4806BFFF7A1BA1BF0100F40F097
:10F550009B801BF0400F40F0BF801BF4007F00F049
:10F560009380079B039A1B681A7035E55A46A9E4F5
:10F570005A46DDE4049DA86DF6F71EFAB5F90C2095
:10F58000FFF748BA734B09931BF020011DD0079B6E
:10F59000073323F007031846596850F8083B0790D3
:10F5A0001BF0010F09D053EA010006D08DF83D2071
:10F5B00030224BF0020B8DF83C202BF4806B75E56C
:10F5C000654B09931BF02001E1D1079850F8043BEB
:10F5D00007901BF01000E3D11BF0400463D09BB2F6
:10F5E0000146DDE710460DF14C0A85E510AA0499A5
:10F5F000069800F0B7FA0022CDE9112200287FF426
:10F600004AAB9DF83B200121002A7FF46AADE9E76F
:10F610000499069810AA00F0A5FA0023CDE9113349
:10F6200000283FF45EAEFFF736BB20460795F0F7A3
:10F63000E7FD20EAE073B046059001936DE404997C
:10F64000069810AA00F08EFA0023CDE911330028A5
:10F650007FF421AB059BA8EB0307002F7FF7F9ADE3
:10F660005FE70C9B0B99E41A1A462046FCF776FBE1
:10F6700098F801300BB108F101084FF0000C05E7D4
:10F68000A3467DE4934608E4079B039A1B681A602F
:10F69000A2E44346062B28BF0623304C059307956A
:10F6A0000193FFF712BB1BF400711CBFDBB22146B4
:10F6B00076E712F400711CBFDBB2214645E412F478
:10F6C00000713FF40CACDBB2214608E443F3C011F7
:10F6D0000A465BB2FFF778BA079B039A1B681A8049
:10F6E0007AE43023FFF7E0BB886DF6F781F9FFF786
:10F6F0009DBACDF80480CDF81480079580460CE4BF
:10F70000174FE64663E60499069810AA00F02AFA15
:10F710000023CDE9113300283FF461ABFFF7BBBAFA
:10F720000F4F511CD2E50F4D8C4637E5049B5B6EA5
:10F73000DF0707D4049B9B899E0503D4049B986D27
:10F74000F6F756F94FF0FF330393FFF7AEBA00BF59
:10F75000CDCCCCCCE8270108D4270108FC27010830
:10F760006829010858290108079B99F80120894652
:10F7700053F8041B079341EAE178FFF787B900BF0C
:10F78000F0B51F468B89ADF26C4D23F00203ADF846
:10F790000C304B6E1993CB89ADF80E30CB690793C3
:10F7A0004B6A09931AAB009304934FF48063154698
:10F7B00006460293059316A800230C460693F6F717
:10F7C000B3F82A463B4669463046FFF70DF9051E59
:10F7D00007DB6946304600F00BF9002818BF4FF0F0
:10F7E000FF35BDF80C305B0603D5A38943F0400319
:10F7F000A3811698F6F7C8F828460DF26C4DF0BDB7
:10F8000049B1FF2A02D80A70012070478A23036099
:10F810004FF0FF3070470846704700BF38B52F4B98
:10F820001B6805460C460BB19A6B02B3B4F90C3059
:10F83000180723D522695AB313F0010107D0616973
:10F8400000204942A060A1613AB1002038BD98076C
:10F8500058BF6169A160002AF7D1190658BF104648
:10F86000F4D543F04003A3814FF0FF3038BD184674
:10F8700000F0F2F8B4F90C301807DBD4D90628D51B
:10F880005A0712D4226943F00803A381002AD3D176
:10F8900003F42071B1F5007FCED02146284600F058
:10F8A00001FBB4F90C302269C6E7216B51B104F1B8
:10F8B0004002914204D02846FEF784F8B4F90C3097
:10F8C0000022226322690021C4E9002123F02403DD
:10F8D000D9E709222A6043F04003C4E7E806002084
:10F8E000F8B5B1F90C30074618070C4639D44A6808
:10F8F000002A53DDA56A002D31D000223E683A600F
:10F9000013F48052E16955D101233846A847411CC0
:10F9100002465ED0B4F90C30A56AE1695B0705D5F3
:10F920006368D21A236B0BB1E36BD21A00233846FB
:10F93000A847451C40D00023636023692360A38946
:10F94000D90400D52065216B3E6041B104F140032C
:10F95000994202D03846FEF735F800232363002091
:10F96000F8BD0E69002EFAD09B070D6808BF4B69E1
:10F970000E6018BF0023AD1B8B600CE0D4F824C0D0
:10F98000E1692B4632463846E047B0F1000CA5EB62
:10F990000C05664406DD002DF0DCE0E7CA6B002AAA
:10F9A000A8DCDCE7B4F90C3043F04003A3814FF04E
:10F9B000FF30F8BD226DB1E73A68B4F90C308AB176
:10F9C0001D2A01D0162AEFD123690022C4E9003292
:10F9D000B9E73B68002B9DD01D2B01D0162BE1D140
:10F9E0003E60BCE7626022692260DA04AAD4AAE71A
:10F9F00038B50C46054608B1836BA3B1B4F90C00C9
:10FA0000B8B1636EDB0701D4810515D528462146C0
:10FA1000FFF766FF636EDA07054602D4A3899B05EC
:10FA20000ED5284638BD00F017F8B4F90C000028B0
:10FA3000E7D10546284638BDA06DF5F7BDFFE5E7DF
:10FA4000A06DF5F7D5FF284638BD00BF014900F08D
:10FA500005BA00BFF1F900082DE9F04782463948A0
:10FA6000F5F7AAFFDAF83840002C66D1DAF804502E
:10FA7000354ACAF83C200323CAE95343DFF8CC9047
:10FA8000DFF8CC80334F344E04230AF5AC72CAF849
:10FA900054212146EB60C5E90044C5E90444AC604B
:10FAA0006C660822AC6105F15C00FCF7A3F8C5E9BF
:10FAB0000759C5E90987EE6205F15800F5F734FFEB
:10FAC000DAF80850254BEB602146C5E90044C5E94A
:10FAD0000444AC606C66AC61082205F15C00FCF784
:10FAE00089F8C5E90759C5E90987EE6205F15800AB
:10FAF000F5F71AFFDAF80C50194BEB602146C5E90F
:10FB00000044C5E90444AC606C66AC61082205F1B0
:10FB10005C00FCF76FF805F15800C5E90759C5E925
:10FB20000A76C5F82480F5F7FFFE0123CAF83830BD
:10FB30000448BDE8F047F5F75BBFBDE8F047014872
:10FB4000F5F756BFA00800204DFA000869FF00082D
:10FB50008DFF0008CDFF0008F1FF0008090001003B
:10FB6000120002009368002B00F0F6802DE9F04FA0
:10FB7000B1F90CC01CF0080F83B0904681460C46CA
:10FB800031D00B697BB31CF00207D8F8006038D085
:10FB90000027D4F824B0E169DFF8BCA23D46554502
:10FBA0002B463A4628BF53464846C5B1D847002899
:10FBB00040F3C880D8F808301B1A07442D1AC8F83B
:10FBC0000830002B00F0B48055452B46D4F824B003
:10FBD000E16928BF53463A464846002DE6D1D6E9AA
:10FBE00000750836DBE721464846FFF717FE002878
:10FBF00040F0AD80B4F90CC0D8F800601CF00207EA
:10FC0000C6D11CF0010A63D12368A1685746184683
:10FC10008B46002F58D01CF4007F00F0B180B94211
:10FC20000A4600F2DD801CF4906F2FD021696269D2
:10FC30005D1A02EB420202EBD2726B1C52103B4483
:10FC4000934292BF93469B461A461CF4806F00F085
:10FC5000E68011464846FBF711FD002800F0F580CC
:10FC60002A4621690190F1F7E3F9A289019B22F468
:10FC7000906242F08002A2815819ABEB0505C4F8EE
:10FC800014B02361A5602060BB463A4651460192FC
:10FC9000FEF788FCA1682368019AA1EB0B011A44C6
:10FCA0003D46A16022600027D8F808305B1BAA44BB
:10FCB000C8F80830002B3BD02368A168B4F90CC009
:10FCC00018468B46002FA6D1D6E900A708369EE736
:10FCD0003846BB463D46002D40D0002845D03A4628
:10FCE000D4E904C32068A168AA4228BF2A46604517
:10FCF00004D901EB030A524500F38280934272DC7F
:10FD0000E169D4F824C05A464846E047B0F1000AF9
:10FD100018DDB7EB0A070FD00120D8F80830A3EBA5
:10FD20000A03D344A5EB0A05C8F80830002BD2D14A
:10FD3000002003B0BDE8F08F21464846FFF758FE8B
:10FD40000028EAD0B4F90C3043F04003A3814FF00F
:10FD5000FF3003B0BDE8F08F002070477568334670
:10FD60000836002DFAD0D3F800B02A460A215846AA
:10FD7000F0F7B6FA002865D00130A0EB0B07AEE72C
:10FD800022699A4214D36269BA4211D86FF00043D3
:10FD9000BB4228BF3B46656A93FBF2F3E16902FB75
:10FDA00003F348465246A847051ECBDD7F1B7BE781
:10FDB000B94228BF39460D4618460A465146FEF755
:10FDC000F1FBA1682368491B2B44A1602360002933
:10FDD000ECD121464846FFF70BFE0028E6D0B1E7FC
:10FDE000BB463A4652E759460192FEF7DBFB019AC1
:10FDF000A3689B1AA360236813442360924688E794
:10FE000059465246FEF7CEFB2368534423602146F1
:10FE10004846FFF7EDFD00283FF47BAF92E74846E8
:10FE2000FEF740FC034600287FF426AF21694846D0
:10FE3000FDF7C8FDB4F90C300C2223F08003C9F89B
:10FE4000002081E76A1C17464AE70C22B4F90C30FF
:10FE5000C9F8002078E700BF00FCFF7F2DE9F843D8
:10FE60000746884600F5A6764FF00009D6E901540A
:10FE7000013D11D4A389012B05F1FF3508D9B4F94F
:10FE80000E300133214603D03846C04749EA000905
:10FE90006B1C04F16804EDD13668002EE6D14846AB
:10FEA000BDE8F883F0B5B1F90C300C46990797B06E
:10FEB00007D504F143030122C4E90432236017B0DB
:10FEC000F0BDB4F90E10002905462EDB6A4600F09D
:10FED000BBF8002827DB019E06F470464FF48067CC
:10FEE000A6F50056B6FA86F6394628467609FBF797
:10FEF000C5FB38B3A3891B4AEA6343F08003C4E916
:10FF00000407A3812060002ED9D0B4F90E10284632
:10FF100000F0B0F80028D2D0A38923F0030343F007
:10FF20000103A381CBE7B4F90C3013F0800F0CBFB1
:10FF30004FF480674027394628460026FBF79EFB92
:10FF40000028D7D1B4F90C309A05B8D423F00303B4
:10FF500004F1430243F002030121C4E90421A38117
:10FF60002260ACE74DFA000810B50C46B1F90E104E
:10FF700000F0A8F8002803DB236D0344236510BDBF
:10FF8000A38923F48053A38110BD00BF2DE9F04164
:10FF90000C46B1F90C101F46CB05054616460BD48E
:10FFA00021F48051A1813B46B4F90E103246284617
:10FFB000BDE8F04100F020B8B4F90E100223002291
:10FFC00000F06AF8B4F90C10EAE700BF10B50C466F
:10FFD000B1F90E1000F060F8B4F90C30421C0EBFFD
:10FFE00023F4805343F480532065A38110BD00BFE8
:10FFF000B1F90E1000F016B838B50C46084D84461D
:020000040801F1
:10000000114620461A4600232B60644600F043FC4C
:10001000431C00D038BD2B68002BFBD0236038BDBB
:100020006813002038B5074D0022044608462A60B0
:1000300000F035FC431C00D038BD2B68002BFBD0F2
:10004000236038BD6813002070B50C46084D034688
:100050000026204611461C462E6000F02AFC431C58
:1000600000D070BD2B68002BFBD0236070BD00BF9B
:100070006813002038B5074D0022044608462A6060
:1000800000F012FC431C00D038BD2B68002BFBD0C5
:10009000236038BD6813002038B50C46084D8446EF
:1000A000114620461A4600232B60644600F0FAFBF6
:1000B000431C00D038BD2B68002BFBD0236038BD1B
:1000C0006813002038B50C46084D8446114620467A
:1000D0001A4600232B60644600F0D9FB431C00D075
:1000E00038BD2B68002BFBD0236038BD681300207F
:1000F000704740680368DB681847406803681B69FD
:100100001847704710B50821044601F090FC2046BE
:1001100010BD7FB50BAB059303930A9B029300239D
:10012000CDE900331846F4F7C3F907B05DF804FBD6
:100130007FB50BAB059303930A9B02930023CDE994
:10014000003301221846F4F7B3F907B05DF804FB59
:10015000704710B50C21044601F069FC204610BD23
:100160007FB50BAB059303930A9B02930023CDE964
:1001700000331846F4F79CF907B05DF804FB7047AC
:1001800010B50C21044601F052FC204610BD7FB58D
:100190000BAB059303930A9B02930023CDE9003335
:1001A0001846F4F785F907B05DF804FBC0E90012C2
:1001B0000022826002737047704710B51021044618
:1001C00001F035FC204610BD7FB50BAB05930393C2
:1001D0000A9B02930023CDE9003303221846F4F76B
:1001E00067F907B05DF804FB10B5C0E900120446DA
:1001F000102200210830FBF7FDFC0023A3612046FC
:1002000010BD8369032B9FBF00EB83039960836953
:1002100001339ABF8361012000207047F7B504467F
:1002200000260068009603686946DB68984720B19D
:10023000271D0025A369AB420DD8606801960368AD
:1002400001A9DB68984720B1261D0025A369AB42B0
:1002500009D803B0F0BD57F8040F009903689B68F4
:1002600098470135E6E756F8040F01990368DB6803
:1002700098470135EAE7704710B50C21044601F0B4
:10028000D6FB204610BD1FB501220191022102922A
:100290008DF80C10836801A99C682723A04704B03F
:1002A00010BD0A2180FB0101FAF7D8BA37B505461F
:1002B00001F0F004DAB944F0080444F004038DF8C6
:1002C00006306B680DF106019868FFF7DCFF01202E
:1002D00001F076FA6B688DF8074098680DF1070118
:1002E000FFF7D1FF322001F06BFA03B030BD44F0CC
:1002F0000904E2E770B50C4601F0F0010546164628
:10030000FFF7D4FF21013246284601F0F001BDE895
:100310007040FFF7CBBF10B504463220FFF7C1FF96
:10032000002230212046FFF7C1FF0520FFF7B9FF6B
:10033000002230212046FFF7B9FF962001F040FA55
:10034000204600223021FFF7B1FF20460022202165
:10035000FFF7ACFF204600222821FFF7CBFF204605
:1003600000220C21FFF7C6FF002201212046FFF7E3
:10037000C1FF0220FFF795FF204600220621FFF76C
:10038000B9FF0120207210BD002914BFC0218021B7
:100390001144C9B20022FFF7ADBF70B51446002268
:1003A0000646FFF7F1FF651E0F3415F8011F29B14E
:1003B00001223046FFF79EFFA542F6D170BD70477F
:1003C00010B50821044601F032FB204610BD7FB570
:1003D0000BAB059303930A9B02930023CDE90033F3
:1003E0001846F4F765F807B05DF804FB0A68026088
:1003F0004A68426070470A6802604A684260704713
:1004000010B50022A0F80520C2710A6802600A79BE
:10041000027110BD00EBC100408840087047F8B57C
:100420000346FFF7F7FFB0FA80F0C0F11F0003EBBF
:10043000800CCA00DCF81060171D0C4606328DB225
:1004400056B9012101FA00F0D9680143D960CCF80E
:100450001040DD539D52F8BDF1000431585AD85375
:1004600003EBC0009E52C5805D52F4E72DE9F047D2
:1004700006460D46174698462BB398F8004093F869
:100480000190DB78A40004EB430498F802301C448C
:1004900044444FF0000ACA4509D3D8F8042008F1B3
:1004A000080339463046AC46BDE8F047604714F8CB
:1004B000013B48F823402046EFF7A2FE01300444F8
:1004C0000AF1010AE7E76FF01500BDE8F0870020A8
:1004D000704730B50C688B6814B14A689A4202DCE8
:1004E00001338B6030BD013A9A4214BF05460025A6
:1004F000E5548B68F4E700F09FB80FB407B504A982
:1005000051F8040B019100F097F803B05DF804EB8B
:1005100004B070470CB407B504AB53F8042B019337
:10052000F2F770FE03B05DF804EB02B070470446CA
:1005300008B5084611461A46A047FAF7C7F9F4F776
:1005400013FED0E9002130B54FF03333A2FB032472
:10055000D51843EB0405A1FB0313521844EB030425
:10056000521944F10002891843F10003C0E9001355
:1005700030BD10B50A68002A03460FDD013A0A6053
:100580001A6844680A20A2FB001200FB0422100F24
:1005900022F07042C3E90012303010BD3020FCE779
:1005A0002DE9F0410746884615461E461446B442DA
:1005B00005D30EB1601B08E02378002BFAD014F8A5
:1005C000010B4146B8470028F1DABDE8F08100236D
:1005D00083F31188BFF36F8F0423184602DF70473F
:1005E0000FB407B504A951F8040B0191FFF783FF7D
:1005F00003B05DF804EB04B070477047002070470B
:1006000008B501F0FAF90A220023F0F76FFC08BDE3
:100610000346BFF35B8F53E8000F421C43E8002101
:100620000029F8D1BFF35B8F704708B50021084659
:10063000F3F7CEFD002008BD1FB50023CDE9020170
:10064000CDE900331A4619461846F3F731FF05B0D5
:100650005DF804FB70470020704770B50E461546E4
:100660001946044618B9BDE87040F3F7A1BE33B18E
:10067000C2F34A231030120D1844F0F7D9FCC4E934
:1006800000562046BDE87040F3F7AABE7FB50BAB1D
:10069000059303930A9B02930023CDE900330222C2
:1006A0001846F3F705FF07B05DF804FB07B5D1E97D
:1006B00000328DF80700526801210DF107009847BC
:1006C000002003B05DF804FB0A2838B504460D4647
:1006D00002D10D20FFF7EAFF29462046FFF7E6FF8B
:1006E000002038BDF8B506460D4614461F4604B92D
:1006F000F8BD214628463A46B047241A0544F6E795
:1007000013B500240094F2F7F7FD02B010BD10B548
:10071000426881680446D2E900230068FFF7E2FFDF
:10072000636800221A6010BD2DE9F043054687B0CA
:1007300008460E8891F80090D1F808800C461746BC
:10074000F3F72CFF011EC6F38216C9F3C2091EDBA4
:100750004846F3F779FE03462146608851F8102B8E
:100760000196C2F34A22002A01EB0204C0F30B10E7
:1007700008BF00210022CDE90407CDE90214009250
:1007800041462846F3F736FF07B0BDE8F083002363
:10079000E2E743681B685B680020196170474368A3
:1007A0001B685A68012111751868FFF7B0BF70B552
:1007B00043681D686B6818690C46F3F799FD21467C
:1007C00003460F222868BDE8704018477FB50BAB81
:1007D000059303930A9B02930023CDE90033012282
:1007E0001846F3F765FE07B05DF804FB01460068A4
:1007F000F4F7DEB87FB50BAB059303930A9B029326
:100800000023CDE9003301221846F3F751FE07B06B
:100810005DF804FB00210120F4F7CAB861B662B6A6
:1008200080F31188BFF36F8F704772B6002383F394
:100830001188BFF36F8FBFF34F8F30BF62B6BFF326
:100840006F8F7047202809D9B0F1004F08D80138C0
:10085000B0FA80F0C0F11F004000704708207047D8
:100860003E2070477FB50BAB059303930A9B029321
:100870000023CDE9003301221846F3F719FE07B033
:100880005DF804FB002070474FF0FF3070470846CA
:100890001146F5F709B808461146F5F719B84FF0B3
:1008A000FF307047002070470228CCBF0020012095
:1008B00070474FF400534B600020704708B5062284
:1008C00001210020F5F7E0F8002211460620F4F798
:1008D000DFFC012108460722F5F7D6F80022114671
:1008E0000720F4F7D5FC082201210220F5F7CCF807
:1008F000002211460820F4F7CBFC09220121032035
:10090000F5F7C2F8002211460920F4F7C1FC0A22CB
:1009100001210420F5F7B8F8002211460A20F4F767
:10092000B7FC052108461722F5F7AEF8002211465C
:100930001720F4F7ADFC282206210A20F5F7A4F8C9
:10094000002211462820F4F7A3FC002008BD70B552
:1009500003880C889C4226D814889C4223D3448860
:100960004D88A5421FD85588A5421CD385888C8800
:10097000AC4218D89488AC4215D3C488CE88A6421D
:1009800011D8D688A6420ED30089098981420AD897
:100990001289824207D3AB4205D8A34294BF0020FC
:1009A0006FF0850070BD6FF08500FBE710461161A8
:1009B000F8F7C8BB7FB50BAB059303930A9B029373
:1009C0000023CDE9003301221846F3F771FD07B08B
:1009D0005DF804FB70B5044686680D4681683031C9
:1009E000826828463A32FFF7B2FF28B933692946B0
:1009F0002046BDE87040184770BD70B50446836856
:100A00000D468168483182685E6C52324EB128468C
:100A1000FFF79DFF38B9294620463346BDE87040B0
:100A200018476FF0570070BD10B44468A469A468FB
:100A3000A44610BC604710B44468A469E468A446A6
:100A400010BC604743689B691B6918477FB50BABB7
:100A5000059303930A9B02930023CDE900331846C4
:100A6000F3F726FD07B05DF804FBF8F70BBAF8F7CB
:100A7000D9BA2DE9F7430669103605464FF0FF3223
:100A80004FF0FF333046FFF7F0FF01AA1821284648
:100A9000F5F728FA044670BB019A182142F00102CA
:100AA00028460192F5F73AFA044620BB00F0A5FF6C
:100AB00001AA0746884628461821F5F713FA044686
:100AC000C8B940F2E939019BDB0714D400F095FF67
:100AD000C01B61EB0801484571F1000112DB019A6E
:100AE000182122F0010228460192F5F717FA041E98
:100AF00008BF6FF00A043046FFF7B9FF204603B085
:100B0000BDE8F08301AA18212846F5F7EBF9002883
:100B1000D9D00446EFE7F8B505692B7906460F46AC
:100B2000002B3CD110354FF0FF324FF0FF332846F9
:100B3000FFF79BFFB988FC883A89013C4B1E2401D2
:100B40001B0203F4F85304F0F0041C433B88013B00
:100B500003F00F031C43531E18049BB200F4F8105B
:100B6000012B44EA00040FD87B880B4403FB0222CC
:100B70007F2A28BF7F22120248213046F5F7CEF99E
:100B8000074638B944F4000422460C213046F5F7F4
:100B9000C5F907462846FFF76AFF3846F8BD6FF0EB
:100BA0000F07FAE707230B6000207047F7B50646EA
:100BB00015460C4649B101AA44210769F5F792F997
:100BC00028B93B792BB90423237085B9002003B0E1
:100BD000F0BD019B190601D50323F5E79A0601D55F
:100BE0000223F1E713F0400318BF0123ECE701AA49
:100BF00040213046F5F776F90028E8D1019B2B70AB
:100C0000C3F306236B70E1E74368DB6909B1987BA6
:100C10007047587B70470369C3E90212704737B5C4
:100C20000569103504464FF0FF3228464FF0FF3378
:100C3000FFF71BFF01AA18212046F5F753F938B931
:100C4000019A182142F0020220460192F5F766F956
:100C50002846FFF70CFF03B030BD08B5002211464F
:100C60001520F4F715FB1520F4F704FB00221620DD
:100C70001146F4F70DFBBDE808401620F4F7FABA68
:100C800070B5436808465E6C0D461446F6F73AFBAD
:100C90004FF6FF73984235D0582D1DD016D825F049
:100CA0000405502D14D1A309E20802F4784203F49C
:100CB0007F03134304F001021343A20802F4FE620F
:100CC0006408134304F00E041C4301E0802D10D08F
:100CD0003368C450002070BD14F0D00F14BF01233E
:100CE000002314F00D0F4FEA430309D043F0010431
:100CF000EEE704F03F0444F0016444F44024E7E7E5
:100D00001C46E5E76FF08500E5E770B543680846E7
:100D10005E6C0C461546F6F7F5FA4FF6FF739842EF
:100D20002DD03368582CC3581CD016D824F0040496
:100D3000502C14D19901DA0002F4F82201F07F510D
:100D4000114303F0010211439A0002F4FE525B00CA
:100D5000114303F01C030B4301E0802C0CD02B60EB
:100D6000002070BD13F0020218BFD022DB0748BF7D
:100D700042F00D022A60F3E703F03F03EFE76FF064
:100D80008500EEE77FB50BAB059303930A9B0293B7
:100D90000023CDE9003301221846F3F789FB07B0A1
:100DA0005DF804FB0B2809D840F66A73C34013F0C2
:100DB000010F14BF00206FF0850070476FF08500B1
:100DC00070470B68A3F14802182A82B012D803F1C9
:100DD000804303F5043348681A6802431A600B68BD
:100DE00003F1804303F5043300201B680193019B4A
:100DF00002B070476FF08500FAE70B68A3F1480274
:100E0000182A9FBF03F1804303F5043349681A6829
:100E10009DBF8A4300201A606FF08500704710B5AF
:100E20000868FFF7BFFF002820DB4A68FF2A1CD0B4
:100E3000D3B203F1804303F50433C2F3423418689C
:100E4000C2F3042204FA02F220EA02021A6049689C
:100E5000CBB203F1804303F50433C1F302421868B7
:100E6000C1F304218A4002431A60002010BD0868C3
:100E700008B5A0F14803182B0AD800F1804000F50E
:100E800004304B680268934314BF0120022008BD60
:100E9000FFF788FF002814BF01200220F7E7704702
:100EA00043685B681B690B600020704743685B68A0
:100EB000586942400A4042405A61002070474368E6
:100EC0005B6800209961704743685B680020996205
:100ED000704743685A6853694B405361002070471C
:100EE000F0B544680120676888401E46C2F380134D
:100EF00027EA00078B403B43636090FAA0F7B7FAFC
:100F000087F7D4F808C04FF0030E7F000EFA07F7FA
:100F10002CEA070C90FAA0F7B7FA87F7C2F3C113CF
:100F20007F00BB4043EA0C03A36090FAA0F3B3FA3E
:100F300083F3E7685B000EFA03F327EA030790FAEE
:100F4000A0F3B3FA83F302F030055B00C2F3412251
:100F50009A403A43202DE26016D107292BDC90FA03
:100F6000A0F3226A2BB3B3FA83F39B000F2101FA9B
:100F700003F322EA030290FAA0F3B3FA83F39B008F
:100F800006FA03F31343236290FAA0F3B3FA83F350
:100F9000226890FAA0F05B000321B0FA80F02D09DE
:100FA00001FA03F3400022EA030385401D43256054
:100FB000F0BD2B46D9E7030A616A93FAA3F282B126
:100FC000B2FA82F292000F2793FAA3F3B3FA83F3F3
:100FD00007FA02F29B0021EA02029E401643666273
:100FE000D2E72A46EEE713469A0310B518D59C07B8
:100FF0000FD55A072DD55022DC060CD542F40072CD
:1010000013F4002F446818D0646801238B40A36157
:101010000DE01022F0E79C06F2D542F48062EFE783
:10102000DC0311D5DA0611D4C3F340139A024068E9
:101030000023FFF755FF002010BD5B03F7D5646860
:1010400001238B40A362F2E73022F0E74FF40072F5
:10105000EDE76FF08500EFE7F8B51F4604464068FE
:101060000E461546FFF73CFF112F08D1012303FA66
:1010700006F663685B682A054CBF9E619E6200208D
:10108000F8BD43680169DB681A6822F002021A6041
:101090001A6822F004021A601A6822F020021A600C
:1010A0001A6822F010021A601A6822F040021A60D0
:1010B00091F84D201AB91A6822F080021A60704720
:1010C0007FB50BAB059303930A9B02930023CDE9F5
:1010D000003301221846F3F7EBF907B05DF804FB83
:1010E000C3681A6842F020021A601A6842F01002BF
:1010F0001A601A6842F040021A601A6842F08002D0
:101100001A60704738B543680569DC68FFF7B9FFB6
:101110006368DB0142BF636823F08073636095F806
:101120004D301BB9236823F0010323602846BDE836
:101130003840F8F707B810B504694368626CDB689B
:101140008AB19A69920742BFA26C12789A629A6930
:10115000510742BFA26C596A1170A26C0132A2649D
:10116000626C013A62649A69D20613D49A69910654
:101170001BD49A69520602D49A69110614D5226CBE
:10118000127A92070CD4FFF77CFF2046BDE810408E
:10119000F7F7D8BFDA6942F01002DA610122A263E0
:1011A0005A6842F480425A6010BDDA6942F0200267
:1011B000DA615A6822F080725A60BDE81040FFF789
:1011C000A1BF43680169DB689A69920507D5DA69AE
:1011D00042F40072DA6101234B63FFF793BF9A690F
:1011E000D20506D5DA6942F48072DA610123CB6355
:1011F000F3E770472DE9F04F89B003AF87E80E00A1
:101200009DF81490BDF84CA029F0060305468DF812
:101210001F301646049B69682C69D1F80C8003992D
:10122000FF2B82BFFF2304939DF81430049895BFD1
:10123000129A03F0FD034B460DF11F028DF8143096
:1012400013F00103C4E9110133D14FF0010BC4E9DC
:101250000E33C4F830B0276428460093394653460D
:10126000F6F7D8FB6868FFF73BFFD8F8003043F08B
:101270000203C8F8003041F2883200232046F7F715
:10128000B9FF50B12846FFF73DFF4FF0FF324FF056
:10129000FF332046F7F7AEFF5846D4E90D21E36B44
:1012A00000293AD1A3BB8ABB00283DD06FF00400CF
:1012B00044E00023C4E90C33C4E90E334FF48063E7
:1012C00027642846009339465346F6F7A3FB68681F
:1012D000FFF706FFD8F8003043F00403C8F80030E9
:1012E00041F2883200232046F7F784FF50B12846A8
:1012F000FFF708FF4FF0FF324FF0FF332046F7F7BC
:1013000079FF0120D4E90D21E36BC9E76363CDE7E1
:1013100002B161630023E363C8E7002102B16163A6
:10132000A163002BF6D1C1E7049A039BB61A1344BC
:10133000CDE90336002E7FF46DAF304609B0BDE82D
:10134000F08F08B5002211461F20F3F7A1FF1F20E0
:10135000F3F790FF002220201146F3F799FFBDE834
:1013600008402020F3F786BF08B50022114621204F
:10137000F3F78EFF2120F3F77DFF00222220114694
:10138000F3F786FFBDE808402220F3F773BF08B5E6
:10139000002211465C20F3F77BFF5C20F3F76AFF25
:1013A00000225D201146F3F773FFBDE808405D2081
:1013B000F3F760BF7FB50BAB059303930A9B0293D2
:1013C0000023CDE9003301221846F3F771F807B086
:1013D0005DF804FB2DE9F74398460B7A066943F064
:1013E000040315460B7207460C460B460122AA421F
:1013F0000AD906F110094FF0FF324FF0FF3348468B
:10140000F7F7F8FE002626E0197A0CD2187D80EA5C
:10141000010C1CF0010F01D0400701D5890705D54B
:101420006FF015061CE041F00201197201320C3315
:10143000D2B2DCE7012D14BF04F114030023CDE97F
:101440000038384694E80E00FFF7D4FE061E04DB91
:10145000013D0C34EDB2002DECD14846F7F772FE99
:10146000304603B0BDE8F08330B5036813600579FA
:10147000046804EBC504A34202D36FF0010030BD41
:101480005C798C4201D00833F0E70020F7E743682D
:10149000C1F34B101B6801F01F01C05801238B40A2
:1014A000034214BF0123002313700020704710B5BE
:1014B0004368C1F34B101A6801F01F0184580123DF
:1014C0008B4023438350002010BD10B54368C1F307
:1014D0004B14186801F01F01235801228A4023EAA7
:1014E00002032350002010BD38B504460D46FFF717
:1014F000DEFF29462046FFF7E8FF002038BDB0F5A3
:10150000805F07D0B0F1805F09D1002914BF0120AE
:1015100002207047002914BF0320042070470029CF
:1015200014BF02200320704743681B68D869DA693A
:10153000D107DA69C0F3C00048BF40F0020092074B
:10154000DA6948BF40F004005107DA6948BF40F04B
:101550002000D20542BF4FF4807240F008001A62AA
:10156000C10744BF08221A62820744BF01221A62DF
:10157000410744BF02221A62820644BF04221A6253
:1015800070477FB50BAB059303930A9B029300232F
:10159000CDE9003301221846F2F78AFF07B05DF863
:1015A00004FB10B543681B681020DA691206FCD5ED
:1015B000EFF3118280F31288BFF36F8FDC6924068A
:1015C00004D482F31188BFF36F8FEEE7996282F340
:1015D0001188BFF36F8F10BD43681B68DA6910076D
:1015E00044BF08221A62DA69920643BF5B6A0B7035
:1015F00000204FF0FF30704710B502695268126842
:101600000A6042681268126802F4C062B2F5806F24
:1016100004460B4633D0A2F5C060424242411A71E3
:1016200062681268526802F44052B2F5805F28D0B6
:10163000B2F5405F27D0002A0CBF012203225A7165
:10164000626812681068116800F0102001F4C0612F
:10165000FFF755FF987162681268926802F4407251
:10166000A2F540714A424A41DA71616809688968A5
:1016700011F4804F18BF0322DA71002010BD02223E
:10168000CDE70022DBE70222D9E72DE9F0410A7914
:101690000369D0F804805E68012A04460D4611D023
:1016A000901E47424741BF0269794046F6F74CFC1D
:1016B000AB79022B09D0042B31D0131E18BF0123A4
:1016C0001B0306E04FF4C067EEE7B2FA82F35B0952
:1016D0001B07EA79D8F80010012A14BF4FF0000C5C
:1016E0004FF4407CAE421DD10A6822F0805222F4B1
:1016F000B0523A431A430A604B6823F44053034301
:101700004B6063681A68936823F4407343EA0C03E0
:10171000936031682046BDE8F041F6F749BC4FF4CC
:101720008053D6E7D1F800E00EF4C06E77451FBFB6
:10173000D1F800E02EF4C06E4EEA07070F60616832
:101740000F68796801F4405188421FBF796821F41D
:1017500040510143796061680868016801F0102117
:101760008B421FBF016821F010210B4303606368A7
:1017700019688B6803F440739C451FBF8B6823F482
:10178000407343EA0C038B6063681B6899684904E3
:1017900005D5032A09D09A6822F4804204E0032A7E
:1017A00003D19A6842F480429A602968336899426A
:1017B00004D02046F6F7FCFB2B683360BDE8F081CF
:1017C00038B5044648B1F6F775FFAA2305465C43D1
:1017D000F6F770FF431BA342FAD338BD40B1C3688C
:1017E000587810F001001EBF1878B0FA80F0400958
:1017F00070477FB50BAB059303930A9B02930023BD
:10180000CDE9003301221846F2F752FE07B05DF829
:1018100004FBEFF31183102383F31288BFF36F8F60
:10182000FEE710B5D0E9003433B90020E268537800
:1018300043F00103537010BD204698470028F4D0B0
:101840000028B8BF4042E368FF28A8BFFF201870F7
:10185000ECE7FAF7CFB9EFF7EBBB08B5F7F7D2FA39
:10186000BDE80840F7F7DCBA90F90E308B4201D0A2
:10187000F8F780BC0020704703460020C3E902004F
:10188000C3E9003370473AB18A4205D3C0E9021276
:10189000C0E90000002070476FF015007047026833
:1018A00001238B4022EA0303036022FA01F000F0D7
:1018B0000100704720B100221146C830F9F77AB80C
:1018C000704710B5F7F794FE041E08DDEFF31180A2
:1018D000102383F31288BFF36F8FF8F775FD20464E
:1018E00010BDEFF30580003818BF01207047843029
:1018F0007047F8F717BD10B500238B4202D1136073
:10190000002010BDC45CAA2CF9D10133F5E70A46CA
:10191000D0E92A01FFF7EFBFF9F710BD08B520B1F4
:1019200019B1F9F7E3FD002008BD6FF01500FBE7E2
:1019300010B5044686B028B318220021FAF75AF9E8
:1019400069460020F9F75AFDD4E9003200995B1886
:10195000019942EB0102C4E90032D4E90232029952
:101960005B18039942EB0102C4E90232D4E9043264
:1019700004995B18059942EB0102C4E90432002086
:1019800006B010BD6FF01500FAE7D0E90032136021
:101990005A600023C0E90033704738B504460D464D
:1019A000F8F76AF8637B43F002036373E5B1A5605F
:1019B0002B689D4209D16B68C4E900531C606C60C0
:1019C00012E06A689A42F6D01B68002BF3D094F9B3
:1019D0000E2093F90E108A42F3D09142F1DD5A683D
:1019E000C4E9003214605C6038BD01211838F8F792
:1019F00091BA08B5F9F748FC08BDF9F745BC10B530
:101A000083691A7A52B1D0E90242944206D0D3E9EE
:101A10000020521840F10000C3E9002010BD10B4AE
:101A200000F10C04C0E9034410BCF1F741B900F027
:081A300000B8F9F71BBE00002D
:081A3800A8F7FE7F0100000089
:101A40001D40000800000000E5750008001B0108AB
:101A50000940000800000000D9B50008000000009F
:101A600000000000141B0108757800088C1B010899
:101A700075780008B41B0108BD080108281B01087F
:101A800075780008A01B010875780008781B01080C
:101A900075780008641B010875780008501B010860
:101AA000757800083C1B010825820008C81B010846
:101AB00025820008DC1B0108857700080000000073
:101AC00021840008000000002B060108000000002F
:101AD000595800080000000029B600080000000066
:101AE000297D0008181C0108297D0008041C010834
:101AF000297D0008F01B0108257400082C1C010832
:101B0000E246010800000000D82301086C0800200C
:101B100000000000F9490108D4250108D825010872
:101B20008208002000000000423D01080000000083
:101B30000000000068080020900F0020784701088E
:101B4000F4230108802401086E080020941100206D
:101B50008647010808240108802401087008002035
:101B6000A4110020944701081C24010880240108C6
:101B700072080020B4110020A24701083024010897
:101B80008024010874080020C4110020B047010817
:101B9000442401088024010876080020D411002084
:101BA000BE47010858240108802401087808002055
:101BB000E4110020CC4701086C24010880240108AE
:101BC0007A080020F41100203A4B0108E8250108AA
:101BD0008026010884080020B40600204A4B010832
:101BE000342601088026010886080020C40600204B
:101BF0007A490108A42401087C2501087C080020FA
:101C00000412002087490108EC2401087C25010802
:101C10007E08002054120020944901083425010850
:101C20007C25010880080020A4120020C946010874
:101C3000C42201087C2301086A080020101000203B
:101C40000000000015080108000000001508010848
:101C50000000000015080108000000001508010838
:101C60000000000015080108000000001508010828
:101C7000403D01083D5A00083E3D01083D5A00081C
:101C80003C3D01083D5A00083A3D01083D5A000814
:101C9000383D01083D5A0008000000001508010801
:101CA00000000000150801080000000015080108E8
:101CB00000000000150801080000000015080108D8
:101CC00000000000150801080000000015080108C8
:101CD00000000000150801080000000015080108B8
:101CE00000000000150801082C1C0108D56400083C
:101CF0002C1C01082D640008363D01083D5A0008DF
:101D00000000000015080108000000001508010887
:101D10000000000015080108000000001508010877
:101D20000000000015080108000000001508010867
:101D30000000000015080108181C010837110108EF
:101D4000181C0108C3110108041C010837110108FF
:101D5000041C0108C3110108000000001508010857
:101D60000000000015080108000000001508010827
:101D70000000000015080108000000001508010817
:101D8000343D01083D5A0008000000001508010814
:101D900000000000150801080000000015080108F7
:101DA00000000000150801080000000015080108E7
:101DB00000000000150801080000000015080108D7
:101DC00000000000150801080000000015080108C7
:101DD00000000000150801080000000015080108B7
:101DE00000000000150801080000000015080108A7
:101DF0000000000015080108000000001508010897
:101E00000000000015080108000000001508010886
:101E10000000000015080108000000001508010876
:101E20000000000015080108000000001508010866
:101E30000000000015080108000000001508010856
:101E40000000000015080108000000001508010846
:101E50000000000015080108000000001508010836
:101E60000000000015080108000000001508010826
:101E70000000000015080108000000001508010816
:101E80000000000015080108000000001508010806
:101E900000000000150801080000000015080108F6
:101EA00000000000150801080000000015080108E6
:101EB00000000000150801080000000015080108D6
:101EC00000000000150801080000000015080108C6
:101ED00000000000150801080000000015080108B6
:101EE00000000000150801080000000015080108A6
:101EF0000000000015080108000000001508010896
:101F00000000000015080108000000001508010885
:101F10000000000015080108000000001508010875
:101F2000F01B010837110108F01B0108C31101085B
:101F30000000000015080108000000001508010855
:101F40000000000015080108000000001508010845
:101F50000000000015080108000000001508010835
:101F60000000000015080108000000001508010825
:101F7000380A00200020002000040000B9410008B9
:101F80000000000000000000000000000E00000043
:101F9000000000001F3101080000000000000000E8
:0C1FA00000000000000000000000000035
:101FAC00E13D010803000000D044010803000000DB
:101FBC00D6460108030000002D3001080300000084
:101FCC008E2C010803000000DA4701080300000012
:101FDC00A149010803000000974801080300000014
:101FEC007A2D010803000000CC3101080300000029
:101FFC006732010803000000F933010803000000F8
:10200C00C439010803000000D34D0108030000008F
:10201C00482C010803000000F92D01080300000002
:10202C00C72B010803000000F6290108030000007B
:10203C000C2D0108030000001B2A010803000000FE
:10204C00A8490108030000001F310108030000002B
:08205C005A4B010803000000CB
:102064007C220108A0060020E833010801000000DA
:04207400FFFFFFFF6C
:102078008C1B010804000000600000000100000043
:102088008155010800010000000000000000000068
:102098000080E03779C34143176E05B5B5B893465C
:1020A800F5F93FE9034F384D321D30F94877825A28
:1020B8003CBF737FDD4F1575000000000000F03F46
:1020C800000000000000244000000000000059400B
:1020D8000000000000408F40000000000088C3405E
:1020E80000000000006AF8400000000080842E41D3
:1020F80000000000D01263410000000084D797411F
:102108000000000065CDCD41000000205FA0024224
:10211800000000E876483742000000A2941A6D4299
:10212800000040E59C30A2420000901EC4BCD6428C
:1021380000003426F56B0C430080E03779C3414337
:1021480000A0D8855734764300C84E676DC1AB43AD
:10215800003D9160E458E143408CB5781DAF1544CB
:1021680050EFE2D6E41A4B4492D54D06CFF08044A6
:10217800F64AE1C7022DB544B49DD9794378EA44BB
:10218800000000000000000003010108050101082B
:10219800F3000108FB000108000000000000000037
:1021A8005101010853010108C52700081D2700082F
:1021B80000000000000000007F0101088101010803
:1021C8008D280008BD28000800000000000000005D
:1021D800B9010108BB010108492A0008F1290008D2
:1021E80000000000000000007702010879020108E1
:1021F80017030108B12A0008F12A00082D2B00084E
:10220800392B0008452B00080000000000000000E2
:10221800BF030108C1030108252C0008B92B0008D9
:10222800692B0008290701080000000000000000D1
:102238000000000000000000703301087833010836
:1022480000000000000000000000000080330108CA
:1022580084330108883301088C3301086C22010893
:102268005C0F002045490008740F00206D13002002
:1022780001000000AF070108000000009F070108E7
:1022880069490008000000009307010800000000E9
:10229800000000200000000000000B060200000003
:1022A800AC22010800000008BD3B01082400020719
:1022B80000000020C53B010820000B1100000000B1
:1022C8000000000000127A0040420F0000000000E9
:1022D80000093D00682301083823010800001C009C
:1022E80008000300030000000300030000000000D2
:1022F8007000B0008801600260027802500300009C
:102308000C2301080064004000A400400200000003
:10231800282301085B0C010848230108000000007D
:102328005800000000000002060000008878000045
:102338007C1100209C1000205C100020031C080069
:102348005023010801000000582301080200000082
:102358006901000000000000890100000000000081
:102368000B0D0108810C0108397200086D71000815
:10237800CD700008A50B010841620008FD6C00083B
:1023880059630008DD610008E9660008A96A0008C9
:10239800116C0008AD0B0108170C0108D573000873
:1023A800090C010801000000020002000100800081
:1023B8000000000180000002170B01080100000066
:1023C80001000100010010000000200010002000A2
:1023D800C30D0108FB0D010800000000517500083D
:1023E8006F0E0108000000001F0E0108FFFF00002B
:1023F80000180048060000004C00000040000000E3
:10240800FFFF000000140048050000004C00000019
:1024180020000000FFFF000000100048040000003A
:102428004C00000010000000FFFF0000000C0048F6
:10243800030000004C00000008000000FFFF00003F
:1024480000080048020000004C00000004000000E2
:10245800FFFF000000040048010000004C000000DD
:1024680002000000FFFF000000000048000000001C
:102478004C00000001000000E70F0108A10E010850
:10248800AD0E0108BF0E0108C90E0108D30E0108E0
:10249800FD780008D5770008000000008F130108B8
:1024A800C42401080100000000780040A086010053
:1024B800CC240108EC2401080000000058000000AA
:1024C80000000040D424010801000000DC240108B9
:1024D8000200000008050000400200002805000076
:1024E80040020000691301080C25010801000000E2
:1024F80000580040A0860100142501083425010871
:102508000000000058000000000040001C250108E1
:102518000100000024250108020000002401000039
:1025280040020000040100004002000043130108BB
:10253800542501080100000000540040A086010055
:102548005C2501087C2501080000000058000000F7
:102558000000200064250108010000006C25010826
:1025680002000000040300004002000024030000F1
:1025780040020000957C00081D7C0008D513010866
:10258800000000000000000000000000B41B01086B
:10259800A01B01088C1B0108781B0108641B01089B
:1025A800501B01083C1B010800000000000000004F
:1025B8000000000000000000000000000000000013
:1025C80000000000000000000000000000100240B1
:1025D8008F140108AF140108CB140108E91401088D
:1025E80000800040141B0108800700000C26010829
:1025F80001000000000000000000000000000000D2
:10260800142601085C000000010000001C260108D7
:102618000100000024260108020000004C00000010
:10262800000200006C0000000000000000380140BB
:10263800141B01080E0800005826010801000000BC
:1026480000000000000000000000000060260108F3
:10265800600000000040000068260108010000003A
:102668007026010802000000870400000002000034
:10267800A704000000000000D9150108A3150108EF
:102688002915010825810008F9150108364D0108AA
:10269800444D0108584D0108674D0108734D010864
:1026A800401A0108401A0108C01A0108C81A01088E
:1026B800001B0108001B01080020202020202020EA
:1026C80020202828282828202020202020202020DA
:1026D80020202020202020202088101010101010EA
:1026E8001010101010101010100404040404040436
:1026F80004040410101010101010414141414141D0
:1027080001010101010101010101010101010101B1
:1027180001010101101010101010424242424242C1
:102728000202020202020202020202020202020281
:102738000202020210101010200000000000000029
:102748000000000000000000000000000000000081
:102758000000000000000000000000000000000071
:102768000000000000000000000000000000000061
:102778000000000000000000000000000000000051
:102788000000000000000000000000000000000041
:102798000000000000000000000000000000000031
:1027A8000000000000000000000000000000000021
:1027B800000000000000000000000000494E460034
:1027C800696E66004E414E006E616E0030313233E4
:1027D8003435363738396162636465660000000055
:1027E800303132333435363738394142434445463F
:1027F80000000000286E756C6C2900003000000095
:1028080030303030303030303030303030303030C0
:1028180020202020202020202020202020202020B0
:10282800496E66696E697479000000004E614E0059
:1028380042616C6C6F63207375636365656465647E
:10284800000000002F5F5F772F5F74656D702F7732
:102858006F726B73706163652F6275696C642F2E7C
:102868006275696C642F61726D2D7A657068797212
:102878002D656162692F7372632F6E65776C69626B
:102888002F6E65776C69622F6C6962632F7374644D
:102898006C69622F64746F612E6300002F5F5F772D
:1028A8002F5F74656D702F776F726B7370616365DE
:1028B8002F6275696C642F2E6275696C642F617262
:1028C8006D2D7A65706879722D656162692F7372F2
:1028D800632F6E65776C69622F6E65776C69622FFE
:1028E8006C6962632F7374646C69622F6D707265B2
:1028F800632E630005000000190000007D00000041
:102908002C2066756E6374696F6E3A2000000000B3
:10291800617373657274696F6E2022257322206655
:1029280061696C65643A2066696C652022257322AA
:102938002C206C696E65202564257325730A0000B8
:1029480043000000504F5349580000002E0000007B
:10295800303030303030303030303030303030306F
:10296800202020202020202020202020202020205F
:10297800010002000400060008000A000C00100014
:10298800200040008000000153656E736F72204E76
:102998006F646520626F6F74696E67006770696F36
:1029A8005F6F7665726C617920696E697420666103
:1029B800696C6564202D2068616C74696E670050CD
:1029C80065726970686572616C20696E69742066E9
:1029D80061696C6564202D2068616C74696E67009C
:1029E80073656E736F725F73616D706C650073658C
:1029F8006E736F725F6865617274626561740053AB
:102A0800656E736F72204E6F64652072756E6E69A5
:102A18006E670073656E736F725F6E6F64655F6D6E
:102A280061696E004F6E65206F72206D6F72652050
:102A380053656E736F72204E6F64652064657669A6
:102A480063657320617265206E6F742072656164BE
:102A58007900574553545F544F504449522F7A6573
:102A6800706879722F696E636C7564652F7A65700A
:102A78006879722F647269766572732F6770696FEF
:102A88002E680028666C616773202620282831206C
:102A98003C3C203429207C202831203C3C2035290E
:102AA800292920213D20282831203C3C2034292078
:102AB8007C202831203C3C203529290041535345AE
:102AC8005254494F4E204641494C205B25735D20A6
:102AD800402025733A25640A000950756C6C20550E
:102AE8007020616E642050756C6C20446F776E2086
:102AF80073686F756C64206E6F7420626520656EF4
:102B080061626C65642073696D756C74616E656F64
:102B180075736C790A0028666C6167732026202813
:102B280031203C3C2031292920213D2030207C7C4B
:102B38002028666C6167732026202831203C3C20C1
:102B4800322929203D3D203000286366672D3E70DC
:102B58006F72745F70696E5F6D61736B20262028D9
:102B68006770696F5F706F72745F70696E735F749E
:102B7800292831554C203C3C202870696E29292988
:102B880020213D2030550009556E737570706F72A5
:102B98007465642070696E0A004661696C6564201A
:102BA800746F20636F6E666967757265206865610A
:102BB800727462656174204C45443A202564007340
:102BC800656E736F725F6770696F5F6F7665726C41
:102BD8006179004C5053323248422072656164205A
:102BE8006661696C65643A202564004C5053323242
:102BF80048422057484F5F414D5F49206D69736DCA
:102C08006174636820286572723D25642C207661A2
:102C18006C3D30782530327829004661696C6564EE
:102C280020746F20636F6E666967757265204C50FB
:102C38005332324842204354524C313A20256400E2
:102C480070726573737572655F73656E736F72000A
:102C5800466C6F772073656E736F7220493243201C
:102C6800627573206E6F74207265616479005041DB
:102C780056333031352072656164206661696C6550
:102C8800643A20256400666C6F775F73656E736FB6
:102C980072005458204865617274626561743A2004
:102CA80073657175656E63653D2575206E6F646526
:102CB8005F6F6B3D257500545820466C6F773A203E
:102CC800666C6F775F6C706D3D252E32662073657C
:102CD8007175656E63653D257500545820507265A1
:102CE80073737572653A2070726573737572655F78
:102CF80070613D252E32662073657175656E63655A
:102D08003D25750073656E736F725F6D616E6167E7
:102D180065720050726573737572653A2535642063
:102D2800506100466C6F773A253764204C504D004F
:102D38005354415455533A2052554E2020202000D8
:102D48005354415455533A2053544F502020200097
:102D5800452D53544F502042524F41444341535400
:102D6800002020202020202020202020202020207B
:102D780020006C63645F646973706C6179006361DF
:102D88006E5F6164645F72785F66696C74657220F7
:102D98006661696C65643A2025640063616E5F73DF
:102DA800656E64206661696C65643A202564004339
:102DB800414E20646576696365206E6F7420726584
:102DC8006164790063616E5F7365745F6D6F6465DC
:102DD800206661696C65643A2025640063616E5FF2
:102DE8007374617274206661696C65643A20256445
:102DF8000073656E736F725F63616E5F6275735F98
:102E080064726976657200574553545F544F504455
:102E180049522F7A65706879722F6C69622F6865DC
:102E280061702F686561702E63006368756E6B5FF3
:102E38007573656428682C2063290009756E6578A8
:102E4800706563746564206865617020737461746B
:102E5800652028646F75626C652D667265653F290B
:102E680020666F72206D656D6F7279206174202500
:102E7800700A006C6566745F6368756E6B28682CF1
:102E88002072696768745F6368756E6B28682C20A8
:102E9800632929203D3D20630009636F72727570B4
:102EA800746564206865617020626F756E64732054
:102EB80028627566666572206F766572666C6F77D4
:102EC8003F2920666F72206D656D6F72792061747D
:102ED8002025700A006279746573202F20385520E8
:102EE8003C3D203078376666665500096865617034
:102EF8002073697A6520697320746F6F206269672F
:102F08000A006279746573203E20686561705F66A7
:102F18006F6F7465725F627974657328627974651E
:102F280073290009686561702073697A652069737F
:102F380020746F6F20736D616C6C0A006865617036
:102F48005F737A203E206368756E6B737A287369A5
:102F58007A656F6628737472756374207A5F686522
:102F680061702929006368756E6B305F73697A65D3
:102F7800202B206D696E5F6368756E6B5F73697A6D
:102F880065286829203C3D20686561705F737A0078
:102F9800574553545F544F504449522F7A657068CF
:102FA80079722F6C69622F6F732F63627072696E0A
:102FB80074665F7061636B616765642E63000953B3
:102FC8007472696E67207769746820746F6F206DFA
:102FD800616E7920617267756D656E74730A000998
:102FE8007374725F7074725F706F735B5D20746F5F
:102FF8006F20736D616C6C0A0009756E6578706579
:10300800637465642073697A652025750A000974FC
:103018006F6F206D616E7920666F726D61742061CB
:103028007267730A0063627072696E74665F7061BA
:10303800636B61676500286E696C290020252D3255
:1030480030733A20535441434B3A20756E7573657B
:103058006420257A7520757361676520257A752047
:103068002F20257A752028257A75202525293B20AB
:103078004350553A2025752025250A002020202078
:1030880020203A20546F74616C2043505520637996
:10309800636C657320757365643A20256C6C750ADA
:1030A8000025700020252D3230733A20756E61623C
:1030B8006C6520746F2067657420737461636B207E
:1030C800737061636520282564290A0049535200FA
:1030D800202573252D3137643A20535441434B3A08
:1030E80020756E7573656420257A75207573616720
:1030F8006520257A75202F20257A752028257A7550
:10310800202525290A0054687265616420616E6172
:103118006C797A653A0A007468726561645F616EF9
:10312800616C797A657200574553545F544F504427
:1031380049522F7A65706879722F73756273797343
:103148002F6C6F6767696E672F6C6F675F636F724D
:10315800652E63006C6F675F6261636B656E645FA9
:10316800636F756E745F6765742829203C20282872
:103178003332202F20335529202D202831202B2091
:10318800302929006261636B656E64203C3D205FD5
:103198006C6F675F6261636B656E645F6C697374A3
:1031A8005F656E640009756E657870656374656443
:1031B800206C69737420656E64206C6F6361746938
:1031C8006F6E0A006C6F6700574553545F544F5039
:1031D8004449522F7A65706879722F7375627379D2
:1031E800732F6C6F6767696E672F6C6F675F6D67AA
:1031F8006D742E63006C696E6B203C3D205F6C6FB4
:10320800675F6C696E6B5F6C6973745F656E640091
:10321800574553545F544F504449522F7A6570684C
:1032280079722F696E636C7564652F7A6570687939
:10323800722F6C6F6767696E672F6C6F675F62616B
:10324800636B656E642E68006261636B656E6420F3
:10325800213D202828766F6964202A293029006CAE
:103268006F675F6D676D7400574553545F544F50D7
:103278004449522F7A65706879722F737562737931
:10328800732F6C6F6767696E672F6C6F675F6D73FD
:10329800672E6300706C656E203E3D2030004D65E2
:1032A80073736167652064726F707065642062650E
:1032B80063617573652069742065786365656473F7
:1032C8002073697A65206C696D69746174696F6EC1
:1032D8002028257529000D0A001B5B306D00574515
:1032E80053545F544F504449522F7A65706879722D
:1032F8002F7375627379732F6C6F6767696E672FA9
:103308006C6F675F6F75747075742E63006C65768B
:10331800656C203C3D20345500257320005B25302A
:10332800386C755D20005B253032753A2530327572
:103338003A253032752E253033752C253033755D9E
:10334800200025730025732F003C25733E2000259F
:10335800733A2000657272203E3D203000253032DD
:103368007820007C002563001B5B313B33316D0006
:103378001B5B313B33336D006572720077726E00F0
:10338800696E660064626700574553545F544F5036
:103398004449522F7A65706879722F737562737910
:1033A800732F6C6F6767696E672F6261636B656EF9
:1033B80064732F6C6F675F6261636B656E645F75C2
:1033C8006172742E63006465766963655F69735F13
:1033D800726561647928756172745F646576290025
:1033E8006C6F675F6261636B656E645F7561727451
:1033F800006C6F675F756172740072302F61313ACB
:103408002020307825303878202072312F61323AE8
:103418002020307825303878202072322F61333AD6
:1034280020203078253038780072332F61343A20E4
:1034380020307825303878207231322F69703A2060
:1034480020307825303878207231342F6C723A2049
:10345800203078253038780020787073723A202030
:10346800307825303878004661756C74696E67204D
:10347800696E737472756374696F6E2061646472C7
:1034880065737320287231352F7063293A2030789C
:103498002530387800556E68616E646C6564204923
:1034A80052516E3A202564002A2A2A2A2A20425597
:1034B80053204641554C54202A2A2A2A2A002020E3
:1034C800537461636B696E67206572726F72002056
:1034D80020556E737461636B696E67206572726FD5
:1034E800720020205072656369736520646174619D
:1034F80020627573206572726F7200202042464107
:103508005220416464726573733A203078257800DC
:103518002020496D70726563697365206461746108
:1035280020627573206572726F72002020496E7375
:103538007472756374696F6E206275732065727238
:103548006F72002020466C6F6174696E672D706F12
:10355800696E74206C617A79207374617465207067
:103568007265736572766174696F6E206572726FC9
:1035780072002A2A2A2A2A205553414745204641C3
:10358800554C54202A2A2A2A2A0020204469766980
:1035980073696F6E206279207A65726F00202055FA
:1035A8006E616C69676E6564206D656D6F727920F8
:1035B8006163636573730020204E6F20636F7072C0
:1035C8006F636573736F7220696E73747275637459
:1035D800696F6E73002020496C6C6567616C206CA4
:1035E8006F6164206F66204558435F5245545552B9
:1035F8004E20696E746F205043002020496C6C6522
:1036080067616C20757365206F6620746865204556
:10361800505352002020417474656D707420746F8B
:10362800206578656375746520756E646566696E76
:10363800656420696E737472756374696F6E002AAD
:103648002A2A2A2A204D5055204641554C54202AD2
:103658002A2A2A2A002020537461636B696E672026
:103668006572726F722028636F6E7465787420615A
:10367800726561206D69676874206265206E6F7479
:103688002076616C696429002020446174612041BE
:1036980063636573732056696F6C6174696F6E003C
:1036A80020204D4D46415220416464726573733A3F
:1036B8002030782578002020496E73747275637401
:1036C800696F6E204163636573732056696F6C611F
:1036D80074696F6E00574553545F544F50444952B4
:1036E8002F7A65706879722F617263682F61726DC5
:1036F8002F636F72652F636F727465785F6D2F66C5
:1037080061756C742E6300212828285343425F5446
:10371800797065202A2920282830784530303045AE
:10372800303030554C29202B2030783044303055FB
:103738004C2920292D3E4346535220262028315516
:103748004C203C3C20283055202B20345529292951
:103758000009537461636B696E67206572726F72DA
:10376800206E6F74206120737461636B20666169D9
:103778006C0A0A0052657365727665642045786341
:10378800657074696F6E20280053707572696F7563
:103798007320696E7465727275707420284952516D
:1037A8002000535053454C20696E2074687265613F
:1037B80064206D6F646520646F6573206E6F74207C
:1037C800696E64696361746520505350006573665F
:1037D80020213D202828766F6964202A2930290075
:1037E8000945534620636F756C64206E6F742062C0
:1037F80065207265747269657665642073756363A4
:1038080065737366756C6C792E205368616C6C20D7
:103818006E65766572206F636375722E0A002A2AB8
:103828002A2A2A2048415244204641554C54202AED
:103838002A2A2A2A002020427573206661756C7432
:10384800206F6E20766563746F72207461626C6598
:103858002072656164002020446562756720657682
:10386800656E740020204661756C74206573636111
:103878006C6174696F6E20287365652062656C6F72
:10388800772900415243485F4558434550542077B3
:1038980069746820726561736F6E2025780A000963
:1038A8004661756C7420657363616C6174696F6ED1
:1038B80020776974686F75742046535220696E6664
:1038C8006F0A0009486172644661756C74207769F3
:1038D80074686F7574204846535220696E666F206D
:1038E8005368616C6C206E65766572206F636375D2
:1038F800720A002A2A2A2A2A204465627567206DDE
:103908006F6E69746F7220657863657074696F6E25
:10391800202A2A2A2A2A002A2A2A2A2A2025732003
:10392800256429202A2A2A2A2A00574553545F54F5
:103938004F504449522F7A65706879722F617263CB
:10394800682F61726D2F636F72652F636F72746574
:10395800785F6D2F6972715F6D616E6167652E6347
:10396800007072696F203C3D20282831554C203C5E
:103978003C2028342929202D2031290009696E7618
:10398800616C6964207072696F726974792025644A
:1039980020666F7220256420697271212076616C1F
:1039A800756573206D757374206265206C6573731B
:1039B800207468616E20256C750A0A006D707500A8
:1039C8004661696C656420746F20616C6C6F63611B
:1039D8007465206E6577204D505520726567696F54
:1039E8006E2025750A00506172746974696F6E20C3
:1039F80025753A2073616E69747920636865636B15
:103A0800206661696C65642E00574553545F544FB6
:103A1800504449522F7A65706879722F61726368D1
:103A28002F61726D2F636F72652F6D70752F6172C4
:103A38006D5F6D70752E630009436F6E66696775FB
:103A480072696E6720257520737461746963204DEF
:103A5800505520726567696F6E73206661696C6581
:103A6800640A0A0009436F6E6669677572696E6752
:103A78002025752064796E616D6963204D5055204D
:103A8800726567696F6E73206661696C65640A0A9E
:103A980000095265717565737420746F20636F6EC9
:103AA8006669677572653A20257520726567696F62
:103AB8006E732028737570706F727465643A202570
:103AC80075290A0A002128726567696F6E5B696447
:103AD800785D2E64745F61747472202620283155D5
:103AE8004C203C3C202830292929000952414D5FAF
:103AF8004E4F434143484520776974682044545FDA
:103B08004D454D5F434143484541424C4520617412
:103B1800747269627574650A0A00094661696C65A0
:103B28006420746F20616C6C6F63617465204D5004
:103B38005520726567696F6E732066726F6D2044D9
:103B4800540A0A002828284D50555F54797065207A
:103B58002A292028283078453030304530303055F3
:103B68004C29202B20307830443930554C292029D5
:103B78002D3E545950452026202830784646554C2D
:103B8800203C3C2038552929203E3E203855203DF0
:103B98003D20380009496E76616C6964206E756D48
:103BA800626572206F66204D505520726567696F97
:103BB8006E730A0A00464C4153485F300053524125
:103BC8004D5F3000574553545F544F504449522F6E
:103BD8007A65706879722F6C69622F6C6962632FDD
:103BE8006E65776C69622F6C6962632D686F6F6BA5
:103BF800732E63002828282873697A655F7429283A
:103C08003132382929203C3C20313029202D2028E8
:103C1800282875696E747074725F74292028265F6D
:103C2800656E642929202D203078323030303030CC
:103C380030302929203E3D203831393200096D6560
:103C48006D6F727920737061636520617661696C4C
:103C580061626C6520666F72206E65776C696220A0
:103C680068656170206973206C657373207468617E
:103C78006E20746865206D696E696D756D2072655A
:103C88007175697265642073697A652073706563FC
:103C9800696669656420627920434F4E4649475FEB
:103CA8004E45574C49425F4C4942435F4D494E5F30
:103CB80052455155495245445F484541505F534923
:103CC8005A450A002A6C6F636B20213D202828760C
:103CD8006F6964202A29302900096E6F6E2D72657C
:103CE80063757273697665206C6F636B20616C6CA9
:103CF8006F636174696F6E206661696C65640A0040
:103D080009726563757273697665206C6F636B20E1
:103D1800616C6C6F636174696F6E206661696C6554
:103D2800640A0061626F727428290A000A06050590
:103D380004010301020101010001696E74657272D8
:103D48007570742D636F6E74726F6C6C657240342D
:103D58003030313034303000657874656E646564B5
:103D6800007374616E6461726400696E76616C6977
:103D780064206672616D65207769746820257320F8
:103D88002825642D626974292043414E2049442026
:103D9800307825302A7800696E76616C696420660F
:103DA800696C7465722077697468202573202825EA
:103DB800642D626974292043414E2049442030789B
:103DC80025302A782C2043414E204944206D6173C8
:103DD8006B20307825302A780063616E5F636F6DE1
:103DE8006D6F6E006661696C656420746F20726522
:103DF8006164207265672030782530337820286523
:103E0800727220256429006661696C656420746F8C
:103E180020777269746520726567203078253033A1
:103E280078202865727220256429006661696C65AE
:103E38006420746F20726561642052782046494678
:103E48004F20686561646572202865727220256458
:103E580029006661696C656420746F20726561640D
:103E6800205278204649464F2064617461202865B5
:103E780072722025642900574553545F544F5044AB
:103E880049522F7A65706879722F64726976657203
:103E9800732F63616E2F63616E5F6D63616E2E6356
:103EA8000066696C745F696478203C206362732DD6
:103EB8003E6E756D5F6578740066696C745F6964E1
:103EC80078203C206362732D3E6E756D5F73746459
:103ED800004672616D6520697320746F6F20626996
:103EE80067006661696C656420746F20656E616245
:103EF8006C652043414E207472616E736365697608
:103F08006572202865727220256429006661696CD3
:103F1800656420746F206C6561766520696E6974CC
:103F2800206D6F646500756E737570706F7274655F
:103F380064206D6F64653A20307825303878004DFC
:103F4800657373616765206C6F7374206F6E2046AC
:103F580049464F30004D657373616765206C6F7318
:103F680074206F6E204649464F31006661696C6562
:103F78006420746F207265616420747820657665AA
:103F88006E74206669666F20286572722025642920
:103F98000074785F696478203C206362732D3E6EFC
:103FA800756D5F7478005458204649464F20656CFB
:103FB800656D656E74206C6F73740041636365731F
:103FC8007320746F2072657365727665642061640E
:103FD8006472657373004D65737361676520524140
:103FE8004D20616363657373206661696C757265E2
:103FF80000756E737570706F727465642043414EFE
:10400800206672616D6520666C6167732030782563
:104018003032780043414E20464420666F726D610D
:1040280074206E6F7420737570706F72746564207D
:10403800696E206E6F6E2D4644206D6F6465006456
:10404800617461206C656E6774682028257A75290B
:10405800203E206D6178206672616D652064617410
:1040680061206C656E6774682028257A752900447C
:104078004C43206F6620256420666F722043414EB2
:1040880020464420666F726D6174206672616D65AA
:1040980000444C43206F6620256420666F72206EB2
:1040A8006F6E2D464420666F726D61742066726172
:1040B8006D65006661696C656420746F207772694C
:1040C800746520547820427566666572206865615B
:1040D800646572202865727220256429006661690A
:1040E8006C656420746F2077726974652054782039
:1040F8004275666665722064617461202865727213
:1041080020256429007075745F696478203C2063F9
:1041180062732D3E6E756D5F7478006661696C65BB
:104128006420746F207772697465207374642066E4
:10413800696C74657220656C656D656E74202865A0
:104148007272202564290066696C7465725F6964FF
:10415800203C206362732D3E6E756D5F737464003E
:104168004E6F2066726565207374616E6461726457
:104178002069642066696C746572206C65667400D9
:10418800756E737570706F727465642043414E204C
:1041980066696C74657220666C6167732030782577
:1041A8003032780066696C7465725F6964203C20FF
:1041B8006362732D3E6E756D5F657874004E6F2077
:1041C8006672656520657874656E646564206964E7
:1041D8002066696C746572206C6566740066696C2B
:1041E800746572204944202564206F7574206F66B9
:1041F80020626F756E6473006661696C6564207413
:104208006F20636C656172206578742066696C74D0
:10421800657220656C656D656E7420286572722004
:10422800256429006661696C656420746F20636C7D
:10423800656172207374642066696C7465722065A8
:104248006C656D656E74202865727220256429007E
:104258004661696C656420746F20656E74657220B0
:10426800696E6974206D6F6465006661696C656468
:1042780020746F2064697361626C652043414E202D
:104288007472616E736365697665722028657272EF
:1042980020256429004661696C656420746F206577
:1042A80078697420736C656570206D6F6465006350
:1042B8006F6E6669672D3E6F70732D3E726561641F
:1042C8005F72656720213D202828766F6964202A5F
:1042D80029302900636F6E6669672D3E6F70732DF4
:1042E8003E77726974655F72656720213D202828D2
:1042F800766F6964202A29302900636F6E666967C2
:104308002D3E6F70732D3E726561645F6D72616DD5
:1043180020213D202828766F6964202A2930290029
:10432800636F6E6669672D3E6F70732D3E77726995
:1043380074655F6D72616D20213D202828766F6954
:1043480064202A29302900636F6E6669672D3E6FE5
:1043580070732D3E636C6561725F6D72616D2021B3
:104368003D202828766F6964202A29302900636F48
:104378006E6669672D3E63616C6C6261636B732066
:10438800213D202828766F6964202A293029006376
:1043980062732D3E6E756D5F7478203C3D20636FAF
:1043A8006E6669672D3E6D72616D5F656C656D65E2
:1043B8006E74735B375D006362732D3E6E756D5F5F
:1043C800737464203C3D20636F6E6669672D3E6D93
:1043D80072616D5F656C656D656E74735B315D00F0
:1043E8006362732D3E6E756D5F657874203C3D2069
:1043F800636F6E6669672D3E6D72616D5F656C6592
:104408006D656E74735B325D0043414E207472615A
:104418006E73636569766572206E6F74207265616C
:1044280064790043616E27742066696E642074693C
:104438006D696E6720666F7220676976656E207099
:104448006172616D0043616E27742066696E642035
:1044580074696D696E6720666F7220676976656E2C
:104468002064617461706861736520706172616D48
:10447800006661696C656420746F207365742074CC
:10448800696D696E67202865727220256429006647
:1044980061696C656420746F20736574206461744D
:1044A800612070686173652074696D696E67202882
:1044B80065727220256429000001020304050607BD
:1044C800080C10141820304063616E5F6D63616ED4
:1044D80000574553545F544F504449522F7A6570E2
:1044E8006879722F696E636C7564652F7A65706878
:1044F80079722F647269766572732F63616E2F63A8
:10450800616E5F6D63616E2E680062617365202560
:10451800203455203D3D20305500096261736520E7
:104528006D7573742062652061206D756C74697097
:104538006C65206F6620340A006F666673657420A8
:1045480025203455203D3D20305500096F6666739F
:104558006574206D7573742062652061206D756CBB
:104568007469706C65206F6620340A006C656E2073
:1045780025203455203D3D20305500096C656E20BE
:104588006D7573742062652061206D756C74697037
:104598006C65206F6620340A00282875696E74706F
:1045A80074725F74292028737263292920252034A6
:1045B80055203D3D2030550009737263206D757399
:1045C800742062652033322D62697420616C6967DA
:1045D8006E65640A00282875696E747074725F7459
:1045E80029202864737429292025203455203D3D2D
:1045F8002030550009647374206D757374206265EA
:104608002033322D62697420616C69676E65640AB3
:1046180000574553545F544F504449522F7A6570A0
:104628006879722F647269766572732F63616E2F71
:1046380063616E5F73746D33325F666463616E2E9F
:10464800630043616E2774207265616420636F7232
:104658006520636C6F636B0043414E2070696E6325
:1046680074726C207365747570206661696C65641A
:10467800202825642900436F756C64206E6F7420B0
:1046880073656C6563742063616E5F73746D333238
:10469800666420646F6D61696E20636C6F636B0084
:1046A800436F756C64206E6F74207475726E206F22
:1046B8006E2043414E20636C6F636B20282564296C
:1046C8000063616E4034303030363430300063611E
:1046D8006E5F73746D3332666400726363403430A6
:1046E80030323130303000574553545F544F5044C6
:1046F80049522F7A65706879722F696E636C756498
:10470800652F7A65706879722F647269766572733D
:104718002F6770696F2F6770696F5F7574696C7345
:104728002E680063616C6C6261636B00094E6F20D8
:1047380063616C6C6261636B210A0063616C6C621B
:1047480061636B2D3E68616E646C657200094E6F23
:104758002063616C6C6261636B2068616E646C6578
:1047680072210A0063622D3E68616E646C65720096
:104778006770696F403438303031383030006770D6
:10478800696F403438303031343030006770696FC9
:10479800403438303031303030006770696F403421
:1047A80038303030633030006770696F40343830EB
:1047B8003030383030006770696F4034383030300E
:1047C800343030006770696F403438303030303002
:1047D800300069326300496E76616C696420493241
:1047E800432062697420726174652076616C756516
:1047F800006932633A2073706565642061626F7680
:10480800652022666173742220726571756972650C
:1048180073206D616E75616C2074696D696E6720B7
:10482800636F6E66696775726174696F6E2C207349
:104838006565202274696D696E6773222070726FD6
:104848007065727479206F662073742C73746D337D
:10485800322D6932632D763220646576696365741A
:104868007265652062696E64696E67004932433A11
:104878006661696C656420746F2066696E64207077
:1048880072657363616C65722076616C7565006929
:1048980032635F6C6C5F73746D33325F76320049DC
:1048A800324320636F6E74726F6C6C6572206E6F2A
:1048B8007420636F6E666967757265640025733A64
:1048C80020696E76616C6964206D6F646520256966
:1048D800004661696C65642063616C6C20636C6F71
:1048E800636B5F636F6E74726F6C5F6765745F7222
:1048F8006174652870636C6B656E5B305D2900635D
:104908006C6F636B20636F6E74726F6C2064657676
:10491800696365206E6F742072656164790049323D
:10492800432070696E6374726C20736574757020AF
:104938006661696C65642028256429006932633AD8
:10494800206661696C75726520656E61626C696E5E
:104958006720636C6F636B006932633A2066616934
:104968006C75726520696E697469616C697A696EC3
:10497800670069326340343030303738303000698E
:10498800326340343030303538303000693263407B
:104998003430303035343030006932635F6C6C5FEE
:1049A80073746D333200574553545F544F50444924
:1049B800522F7A65706879722F647269766572739E
:1049C8002F70696E6374726C2F70696E6374726C89
:1049D8005F73746D33322E63002828286D7578292B
:1049E800203E3E2030552920262030783146552952
:1049F8000072657365742D636F6E74726F6C6C658D
:104A08007200556E61626C6520746F207365742046
:104A1800257320746F20256400574553545F544F05
:104A2800504449522F7A65706879722F647269769A
:104A38006572732F73657269616C2F756172745F2B
:104A480073746D33322E6300282875736172742D68
:104A58003E4252522929203E3D203078333030558D
:104A680000094261756452617465526567203E3D74
:104A78002030783330300A00282875736172742D1D
:104A88003E4252522929203C203078303030464668
:104A9800464646550009426175645261746552651F
:104AA80067203C203078464646460A002828757319
:104AB8006172742D3E4252522929203E3D203136E2
:104AC80000094261756452617465526567203E3D14
:104AD8002031360A00436F756C64206E6F74206550
:104AE8006E61626C6520284C5029554152542063F0
:104AF8006C6F636B00726573657420636F6E74729C
:104B08006F6C6C6572206E6F7420726561647900D9
:104B1800257320646F6573206E6F742073757070D1
:104B28006F72742064726976657220656E61626C5A
:104B3800650073657269616C4034303030383030EC
:104B4800300073657269616C40343030313338300D
:104B58003000756172745F73746D3332005745535A
:104B6800545F544F504449522F7A65706879722FB8
:104B7800696E636C7564652F7A65706879722F73D6
:104B880070696E6C6F636B2E68007A5F7370696E04
:104B98005F6C6F636B5F76616C6964286C290009D0
:104BA800496E76616C6964207370696E6C6F636BB3
:104BB8002025700A007A5F7370696E5F756E6C6F7E
:104BC800636B5F76616C6964286C2900094E6F74A9
:104BD800206D79207370696E6C6F636B2025700A85
:104BE80000000000000102030400000000000000B3
:104BF800000102030406070809574553545F544F40
:104C0800504449522F7A65706879722F6B65726EBD
:104C1800656C2F6465766963652E6300646576202C
:104C28003C3D205F6465766963655F6C6973745F9A
:104C3800656E640048616C74696E6720737973747B
:104C4800656D00556E6B6E6F776E206572726F7250
:104C580000756E6B6E6F776E003E3E3E205A455073
:104C680048595220464154414C204552524F5220F7
:104C780025643A202573206F6E2043505520256403
:104C8800004661756C7420647572696E6720696E80
:104C9800746572727570742068616E646C696E6791
:104CA8000A0043757272656E742074687265616477
:104CB8003A202570202825732900574553545F54FE
:104CC8004F504449522F7A65706879722F6B65721C
:104CD8006E656C2F666174616C2E6300726561731A
:104CE8006F6E20213D204B5F4552525F4B45524E1F
:104CF800454C5F50414E49430009417474656D70DD
:104D080074656420746F207265636F7665722066BF
:104D1800726F6D2061206B65726E656C2070616EBC
:104D2800696320636F6E646974696F6E0A0043502B
:104D38005520657863657074696F6E00556E68619B
:104D48006E646C656420696E746572727570740047
:104D5800537461636B206F766572666C6F77004B76
:104D680065726E656C206F6F7073004B65726E654F
:104D78006C2070616E696300574553545F544F50FF
:104D88004449522F7A65706879722F6B65726E6527
:104D98006C2F696E69742E63007468726561645F54
:104DA80064617461203C3D205F5F73746174696362
:104DB8005F7468726561645F646174615F6C697374
:104DC800745F656E640069646C65006F73005745B5
:104DD80053545F544F504449522F7A657068797222
:104DE8002F6B65726E656C2F69646C652E63005F4E
:104DF8006B65726E656C2E637075735B305D2E63C8
:104E0800757272656E742D3E626173652E7072697B
:104E18006F203E3D203000574553545F544F504457
:104E280049522F7A65706879722F6B65726E656C5E
:104E38002F6D757465782E630021617263685F69F0
:104E4800735F696E5F697372282900096D757465EF
:104E58007865732063616E6E6F7420626520757368
:104E6800656420696E7369646520495352730A004A
:104E78006D757465782D3E6C6F636B5F636F756ECF
:104E880074203E20305500574553545F544F5044CA
:104E980049522F7A65706879722F6B65726E656CEE
:104EA8002F73656D2E63002828617263685F6973CC
:104EB8005F696E5F6973722829203D3D2030292083
:104EC8007C7C20282874696D656F7574292E746937
:104ED800636B73203D3D202828286B5F74696D65DE
:104EE8006F75745F7429207B307D29292E7469635E
:104EF8006B73292900090A00574553545F544F50D2
:104F08004449522F7A65706879722F6B65726E65A5
:104F18006C2F776F726B2E6300776F726B2D3E71FB
:104F28007565756520213D202828766F6964202ADB
:104F380029302900776F726B20213D202828766F51
:104F48006964202A29302900776F726B2D3E6861C9
:104F58006E646C657220213D202828766F69642074
:104F68002A29302900717565756500737461636B52
:104F78000021666C61675F746573742826717565B6
:104F880075652D3E666C6167732C204B5F574F52D9
:104F98004B5F51554555455F535441525445445F05
:104FA8004249542900574553545F544F504449527D
:104FB8002F7A65706879722F6B65726E656C2F74C5
:104FC80068726561642E6300282828287072696FEA
:104FD8002929203D3D203135202626207A5F697316
:104FE8005F69646C655F7468726561645F656E743F
:104FF80072792828656E747279292929207C7C2089
:105008002828283135202D203129203E3D202828E8
:105018002D31362929292026262028287072696FE3
:105028002929203E3D2028282D31362929202626C9
:105038002028287072696F2929203C3D20283135A5
:10504800202D20312929290009696E76616C69644F
:10505800207072696F7269747920282564293B2051
:10506800616C6C6F7765642072616E67653A2025A4
:105078006420746F2025640A0009546872656164AD
:1050880073206D6179206E6F74206265206372658C
:105098006174656420696E20495352730A0057454C
:1050A80053545F544F504449522F7A65706879724F
:1050B8002F6B65726E656C2F696E636C7564652FF6
:1050C8006B7468726561642E68005F6B65726E65EB
:1050D8006C2E637075735B305D2E63757272656ECE
:1050E8007420213D202828766F6964202A293029D8
:1050F80000574553545F544F504449522F7A6570B6
:105108006879722F6B65726E656C2F73636865645E
:105118002E6300217A5F69735F69646C655F7468E8
:10512800726561645F6F626A65637428746872652A
:10513800616429007468726561642D3E62617365FB
:105148002E70656E6465645F6F6E00217465726DA4
:10515800696E617465000961626F72746564205FCD
:1051680063757272656E74206261636B2066726F1C
:105178006D20646561640A0073697A656F66285FEB
:1051880073636865645F7370696E6C6F636B292005
:105198003D3D2030207C7C206C6F636B20213D20BE
:1051A800265F73636865645F7370696E6C6F636BA9
:1051B80000574553545F544F504449522F7A6570F5
:1051C8006879722F6B65726E656C2F696E636C758A
:1051D80064652F6B73636865642E68005F6B657226
:1051E8006E656C2E637075735B305D2E63757272BD
:1051F800656E742D3E626173652E73636865645FC6
:105208006C6F636B656420213D203155005F6B65D1
:10521800726E656C2E637075735B305D2E6375728C
:1052280072656E742D3E626173652E736368656482
:105238005F6C6F636B656420213D20305500217AD7
:105248005F69735F7468726561645F7374617465C4
:105258005F736574285F6B65726E656C2E6370751D
:10526800735B305D2E63757272656E742C2028280E
:1052780031554C203C3C2028342929292900096132
:10528800626F7274696E6720657373656E746961A5
:105298006C207468726561642025700A0057455354
:1052A800545F544F504449522F7A65706879722F71
:1052B8006B65726E656C2F74696D65736C69636973
:1052C8006E672E6300282874696D656F75742920D0
:1052D800262620282875696E747074725F742920D8
:1052E80028736C6963655F74696D656F757473297C
:1052F80029203C3D20282875696E747074725F748B
:1053080029202874696D656F75742929202626203F
:10531800282875696E747074725F742920287469FE
:105328006D656F75742929203C20282875696E746D
:105338007074725F742920282628736C6963655F0E
:1053480074696D656F757473295B282873697A654C
:105358005F742920282828696E74292073697A6562
:105368006F6628636861725B31202D2032202A2005
:105378002128215F5F6275696C74696E5F7479704A
:1053880065735F636F6D70617469626C655F7028C7
:105398005F5F747970656F665F5F28736C696365BA
:1053A8005F74696D656F757473292C205F5F7479FC
:1053B80070656F665F5F282628736C6963655F7424
:1053C800696D656F757473295B305D2929295D29BD
:1053D800202D203129202B202873697A656F6628B3
:1053E800736C6963655F74696D656F757473292083
:1053F8002F2073697A656F662828736C6963655F07
:1054080074696D656F757473295B305D2929292965
:105418005D29292026262028282875696E7470742D
:10542800725F7429202874696D656F757429292045
:105438002D20282875696E747074725F742920286D
:10544800736C6963655F74696D656F757473292919
:105458002920252073697A656F662828736C69632B
:10546800655F74696D656F757473295B305D29209C
:105478003D3D20302900574553545F544F5044490F
:10548800522F7A65706879722F6B65726E656C2F12
:105498007468726561645F6D6F6E69746F722E6394
:1054A80000757365725F636220213D202828766F3E
:1054B8006964202A2930290009757365725F63625F
:1054C8002063616E206E6F74206265204E554C4CCF
:1054D8000A00574553545F544F504449522F7A6538
:1054E800706879722F6B65726E656C2F74696D6563
:1054F8006F75742E6300217379735F646E6F6465D2
:105508005F69735F6C696E6B65642826746F2D3EE6
:105518006E6F646529002A2A2A20426F6F74696EAB
:1055280067205A6570687972204F53206275696CDC
:10553800642076332E372E30202A2A2A0A0057452F
:1055480053545F544F504449522F7A6570687972AA
:105558002F6B65726E656C2F6B686561702E6300CA
:1055680068656170203C3D205F6B5F686561705FB6
:105578006C6973745F656E6400737973776F726BAF
:0455880071000000AE
:10558C0000000000000000000000002000000020CF
:10559C00080000200800002010000020100000204F
:1055AC0018000020180000202000002020000020FF
:1055BC0028000020280000203000002030000020AF
:1055CC00380000203800002040000020400000205F
:1055DC00480000204800002050000020500000200F
:1055EC0058000020580000206000002060000020BF
:1055FC00680000206800002070000020700000206F
:10560C00780000207800002080000020800000201E
:10561C0088000020880000209000002090000020CE
:10562C009800002098000020A0000020A00000207E
:10563C00A8000020A8000020B0000020B00000202E
:10564C00B8000020B8000020C0000020C0000020DE
:10565C00C8000020C8000020D0000020D00000208E
:10566C00D8000020D8000020E0000020E00000203E
:10567C00E8000020E8000020F0000020F0000020EE
:10568C00F8000020F800002000010020000100209C
:10569C00080100200801002010010020100100204A
:1056AC0018010020180100202001002020010020FA
:1056BC0028010020280100203001002030010020AA
:1056CC00380100203801002040010020400100205A
:1056DC00480100204801002050010020500100200A
:1056EC0058010020580100206001002060010020BA
:1056FC00680100206801002070010020700100206A
:10570C007801002078010020800100208001002019
:10571C0088010020880100209001002090010020C9
:10572C009801002098010020A0010020A001002079
:10573C00A8010020A8010020B0010020B001002029
:10574C00B8010020B8010020C0010020C0010020D9
:10575C00C8010020C8010020D0010020D001002089
:10576C00D8010020D8010020E0010020E001002039
:10577C00E8010020E8010020F0010020F0010020E9
:10578C00F8010020F8010020000200200002002097
:10579C000802002008020020100200201002002045
:1057AC0018020020180200202002002020020020F5
:1057BC0028020020280200203002002030020020A5
:1057CC003802002038020020400200204002002055
:1057DC004802002048020020500200205002002005
:1057EC0058020020580200206002002060020020B5
:1057FC006802002068020020700200207002002065
:10580C007802002078020020800200208002002014
:10581C0088020020880200209002002090020020C4
:10582C009802002098020020A0020020A002002074
:10583C00A8020020A8020020B0020020B002002024
:10584C00B8020020B8020020C0020020C0020020D4
:10585C00C8020020C8020020D0020020D002002084
:10586C00D8020020D8020020E0020020E002002034
:10587C00E8020020E8020020F0020020F0020020E4
:10588C00F8020020F8020020000300200003002092
:10589C000803002008030020100300201003002040
:1058AC0018030020180300202003002020030020F0
:1058BC0028030020280300203003002030030020A0
:1058CC003803002038030020400300204003002050
:1058DC004803002048030020500300205003002000
:1058EC0058030020580300206003002060030020B0
:1058FC006803002068030020700300207003002060
:10590C00780300207803002080030020800300200F
:10591C0088030020880300209003002090030020BF
:10592C009803002098030020A0030020A00300206F
:10593C00A8030020A8030020B0030020B00300201F
:10594C00B8030020B8030020C0030020C0030020CF
:10595C00C8030020C8030020D0030020D00300207F
:10596C00D8030020D8030020E0030020E00300202F
:10597C00E8030020E8030020F0030020F0030020DF
:10598C00F8030020F8030020000000006005002050
:10599C00C8050020300600200000000000000000B8
:1059AC0000000000000000000000000000000000EB
:1059BC0000000000000000000000000000000000DB
:1059CC0000000000000000000000000000000000CB
:1059DC0000000000000000000000000000000000BB
:1059EC0000000000000000000000000000000000AB
:1059FC00000000000000000000000000000000009B
:105A0C00000000000000000000000000000000008A
:105A1C00000000000000000000000000000000007A
:105A2C00000000000000000000000000000000006A
:105A3C0001000000000000000E33CDAB34126DE607
:105A4C00ECDE05000B000000000000000000000070
:105A5C00000000000000000000000000000000003A
:105A6C00000000000000000000000000000000002A
:105A7C00000000000000000000000000000000001A
:105A8C00000000000000000000000000000000000A
:105A9C0000000000000000000000000000000000FA
:105AAC0000000000000000000000000000000000EA
:105ABC0000000000000000000000000000000000DA
:105ACC0000000000000000000000000000000000CA
:105ADC0000000000000000000000000000000000BA
:105AEC0000000000000000000000000000000000AA
:105AFC00000000000000000000000000000000009A
:105B0C000000000000000000000000000000000089
:105B1C000000000000000000000000000000000079
:105B2C000000000000000000000000000000000069
:105B3C000000000000000000000000000000000059
:105B4C000000000000000000000000000000000049
:105B5C000000000000000000000000000000000039
:105B6C000000000000000000000000000000000029
:105B7C000000000000000000000000000000000019
:105B8C000000000000000000000000000000000009
:105B9C0000000000000000000000000000000000F9
:105BAC0000000000000000000000000000000000E9
:105BBC0000000000000000000000000000000000D9
:105BCC0000000000000000000000000000000000C9
:105BDC0000000000000000000000000000000000B9
:105BEC0000000000000000000000000000000000A9
:105BFC000000000000000000000000000000000099
:105C0C000000000000000000000000000000000088
:105C1C000000000000000000CF040108FD05010891
:105C2C006422010800000000894A00088508010868
:105C3C008908010800000000BC06002000C2010019
:105C4C000001030000000000CC06002000C201008F
:105C5C00000103000024F400D8060020D806002020
:105C6C00FFFFFFFF000002000804002043000000BB
:105C7C000000000000000000000000000000000018
:105C8C0000000000000000000000000043000000C5
:105C9C0000000000000000000000000000000000F8
:105CAC0000000000000000000000000043000000A5
:105CBC0000000000000000000000000000000000D8
:105CCC000000000000000000000000004300000085
:105CDC0000000000000000000000000000000000B8
:105CEC000000000000000000000000004300000065
:105CFC000000000000000000000000000000000098
:105D0C000000000000000000000000004300000044
:105D1C000000000000000000000000000000000077
:105D2C000000000000000000000000004300000024
:105D3C000000000000000000000000000000000057
:105D4C0000000000000000000000000001F8000846
:105D5C0079E5000800000000C0260108542901085C
:105D6C00142901081429010814290108142901080F
:105D7C0014290108142901081429010814290108FF
:105D8C0014290108FFFFFFFFFFFFFFFFFFFFFFFFCD
:105D9C00FFFF00000100415343494900000000008F
:105DAC0000000000000000000000000000000000E7
:105DBC00000000000000415343494900000000006E
:105DCC0000000000000000000000000000000000C7
:105DDC000000000000000000FFFFFFFFFFFFFFFFBF
:085DEC00FFFFFFFFFFFFFFFFB7
:105DF400000000000000000000000000000000009F
:105E0400000000000000000000000000000000008E
:045E1400000000008A
:105E18008C0800208C080020000000000000000012
:105E28000E000000A0080020A008002000000000CC
:085E3800000000000E00000054
:045E400015E015E074
:04000005080051316D
:00000001FF
